DATE,AWND,PGTM,PRCP,SNOW,SNWD,TAVG,TMAX,TMIN,WDF2,WDF5,WSF2,WSF5,WT01,WT02,WT03,WT08
7/30/2018,3.13,,0,0,0,,86,70,150,170,12.1,16.1,,,,
7/31/2018,0.89,,1.14,0,,,85,69,99,,6,,1,,1,
8/1/2018,3.36,,1.17,0,,,76,69,190,360,13,17,,,,
8/2/2018,2.01,,1.11,0,,,76,70,150,80,10.1,14.1,1,,,
8/3/2018,4.03,,0,0,0,,87,70,220,210,12.1,16.1,,,,
8/4/2018,2.01,,0,0,0,,87,69,310,310,17,21.9,1,,1,
8/5/2018,2.01,,0,0,0,,92,70,330,330,13,16.1,1,,1,
8/6/2018,3.13,,0,0,0,,93,72,300,340,13,15,1,,,
8/7/2018,4.25,,0,0,0,,93,73,210,200,21,25.9,,,1,
8/8/2018,6.71,,0.08,0,0,,91,71,350,360,23,29.1,1,,1,
8/9/2018,4.92,,1.14,0,0,,89,70,280,280,31.1,42.1,1,1,1,1
8/10/2018,5.82,,0,0,0,,88,70,230,250,12.1,16.1,1,,,
8/11/2018,7.16,,0,0,0,,87,73,330,320,14.1,19.9,1,,,
8/12/2018,4.25,,0,0,0,,90,69,270,280,14.1,17,1,,,
8/13/2018,3.36,,0,0,0,,89,68,280,290,12.1,14.1,1,,,
8/14/2018,2.91,,0,0,0,,89,65,270,280,13,17,1,,,
8/15/2018,1.57,,0,0,0,,92,65,320,310,10.1,14.1,1,,,
8/16/2018,4.25,,0,0,0,,91,68,140,140,13,18.1,1,,,
8/17/2018,6.93,,0.03,0,0,,87,72,190,160,14.1,18.1,1,,1,
8/18/2018,8.28,,0.89,0,0,,87,72,260,220,16.1,19.9,1,,1,
8/19/2018,6.93,,0.01,0,0,,84,72,230,230,13,17,1,,,
8/20/2018,6.04,,0.34,0,0,,86,71,170,240,12.1,17,1,,1,
8/21/2018,8.72,,0.41,0,0,,85,72,290,270,16.1,23,1,,1,
8/22/2018,7.61,,0,0,0,,83,68,320,330,17,19.9,,,,
8/23/2018,3.13,,0,0,0,,86,64,340,120,12.1,16.1,1,,,1
8/24/2018,4.92,,0,0,0,,82,63,40,40,13,17,,,,
8/25/2018,3.13,,0,0,0,,87,64,40,250,8.1,14.1,,,,
8/26/2018,1.12,,0,0,0,,89,66,20,50,8.1,14.1,,,,
8/27/2018,2.24,,0,0,0,,90,68,190,150,8.9,14.1,,,,
8/28/2018,2.01,,0,0,0,,91,69,200,180,10.1,13,1,,,
8/29/2018,3.58,,0,0,0,,90,71,190,200,18.1,25.1,,,1,
8/30/2018,4.47,,0,0,0,,89,67,190,190,12.1,15,,,,
8/31/2018,2.68,,0,0,0,,89,70,200,200,12.1,13,,,,
9/1/2018,2.24,,0,0,0,,91,70,140,160,10.1,14.1,,,,
9/2/2018,2.91,,0,0,0,,91,70,150,120,10.1,15,,,,
9/3/2018,3.8,,0,0,0,,89,71,160,120,12.1,17,,,,
9/4/2018,3.36,,0,0,0,,87,71,90,90,8.9,14.1,,,,
9/5/2018,2.91,,0,0,0,,88,72,160,110,12.1,19,,,,
9/6/2018,1.57,,0,0,0,,87,72,140,140,8.9,13,,,,
9/7/2018,1.57,,0,0,0,,92,69,180,170,12.1,15,,,1,
9/8/2018,2.91,,0.01,0,0,,90,69,170,140,10.1,14.1,1,,1,
9/9/2018,3.58,,0,0,0,,88,70,190,180,19.9,25.9,,,1,
9/10/2018,4.25,,0.13,0,,,87,70,270,280,15,19,,,,
9/11/2018,1.79,,0,0,,,87,71,140,120,8.9,13,1,,1,
9/12/2018,2.46,,0,0,0,,90,73,130,130,10.1,16.1,,,,
9/13/2018,3.36,,0,0,0,,91,74,340,40,12.1,15,,,,
9/14/2018,5.82,,0,0,0,,95,72,320,330,15,21,,,,
9/15/2018,4.92,,0,0,0,,93,70,10,50,15,21.9,,,,
9/16/2018,7.83,,0.04,0,0,,80,71,340,350,19.9,25.1,1,,,1
9/17/2018,4.92,,0,0,0,,91,66,240,240,13,15,1,,,
9/18/2018,4.92,,0,0,0,,92,67,320,320,13,16.1,,,,
9/19/2018,2.68,,0,0,0,,94,68,340,340,12.1,13,,,,
9/20/2018,2.68,,0,0,0,,94,68,140,110,10.1,15,,,,
9/21/2018,2.91,,0,0,0,,90,68,170,140,8.9,13,,,,
9/22/2018,2.01,,0,0,0,,89,69,180,170,12.1,14.1,,,,
9/23/2018,2.24,,0,0,0,,89,65,130,170,10.1,15,,,,
9/24/2018,4.47,,0,0,0,,84,71,140,100,12.1,18.1,1,,,
9/25/2018,3.8,,0.29,0,0,,86,72,180,180,13,16.1,1,,,
9/26/2018,3.58,,0.48,0,0,,89,70,270,260,23,29.1,1,,1,
9/27/2018,5.82,,0.24,0,0,,84,70,250,250,23,31.1,1,,1,
9/28/2018,3.36,,0,0,0,,82,70,330,300,10.1,13,,,,
9/29/2018,2.91,,0,0,0,,86,68,330,330,8.9,11,1,,,
9/30/2018,1.79,,0,0,0,,82,70,130,130,8.9,13,1,,,
10/1/2018,2.91,,0,0,0,,84,67,100,80,8.9,15,,,,
10/2/2018,1.57,,0,0,0,,86,64,10,20,8.1,11,,,,
10/3/2018,1.34,,0,0,0,,88,63,230,220,8.9,12.1,1,,,
10/4/2018,2.24,,0,0,0,,89,65,330,300,8.9,14.1,1,,,1
10/5/2018,1.57,,0,0,0,,92,66,220,330,8.9,14.1,,,,
10/6/2018,1.12,,0,0,0,,90,67,170,110,8.1,12.1,1,,,
10/7/2018,2.68,,0,0,0,,88,68,160,140,12.1,17,,,,
10/8/2018,5.14,,0.02,0,0,,85,71,120,130,13,19.9,1,,,
10/9/2018,6.49,,0.06,0,0,,80,69,90,110,12.1,19.9,1,,,1
10/10/2018,6.93,,2.12,0,0,,83,71,10,20,23.9,31.1,1,,,
10/11/2018,15.21,,0.78,0,0,,80,58,310,320,23.9,36,1,,,
10/12/2018,9.62,,0,0,0,,73,50,310,360,16.1,23.9,,,,
10/13/2018,5.59,,0,0,0,,73,53,270,310,13,18.1,,,,
10/14/2018,3.8,,0,0,0,,79,57,150,170,12.1,16.1,,,,
10/15/2018,2.01,,0,0,0,,81,61,300,310,8.1,10.1,1,,,1
10/16/2018,4.7,,0,0,0,,82,64,330,330,15,18.1,1,,,
10/17/2018,7.61,,0,0,0,,76,58,310,290,14.1,18.1,,,,
10/18/2018,3.58,,0,0,0,,72,51,30,90,10.1,17,,,,
10/19/2018,2.91,,0,0,0,,67,51,170,70,6.9,11,,,,
10/20/2018,8.05,,0.02,0,0,,68,56,320,10,16.1,27.1,1,,,
10/21/2018,6.71,,0,0,0,,65,40,330,340,17,23.9,,,,
10/22/2018,1.34,,0,0,0,,66,37,150,150,12.1,15,,,,
10/23/2018,2.91,,0,0,0,,68,45,320,350,10.1,14.1,,,,
10/24/2018,,,0,0,0,,,,,,,,,,,
10/25/2018,4.92,,0.29,,,,56,47,70,90,10.1,19.9,1,,,
10/26/2018,4.03,,0.7,,0,,52,46,60,60,13,19.9,1,,,
10/27/2018,8.5,,0,0,0,,60,51,270,280,17,23.9,1,,,
10/28/2018,8.05,,0,0,0,,72,42,220,230,17,21.9,1,,,
10/29/2018,6.26,,0,0,0,,69,44,310,300,15,21,,,,
10/30/2018,1.79,,0,0,0,,71,40,110,70,8.1,14.1,,,,
10/31/2018,3.8,,0,0,0,,77,48,220,230,12.1,16.1,,,,
11/1/2018,6.71,,0.39,0,0,,69,58,260,140,15,19,1,,,
11/2/2018,7.83,,0.07,,0,,62,42,300,290,19.9,25.9,1,,,
11/3/2018,2.01,,0,0,0,,64,36,10,230,10.1,13,,,,
11/4/2018,4.7,,0,0,0,,64,43,70,110,13,19.9,,,,
11/5/2018,2.91,,0.2,0,0,,63,54,130,130,8.1,14.1,1,,,
11/6/2018,5.82,,0.46,0,0,,70,50,310,310,23,28,1,,,
11/7/2018,2.46,,0.44,,0,,74,43,330,330,12.1,15,1,,,
11/8/2018,4.03,,0.09,0,0,,62,54,80,70,8.9,14.1,1,,,
11/9/2018,6.71,,0.91,,0,,57,42,310,300,21,29.1,1,,,
11/10/2018,9.62,,0,0,0,,50,32,310,230,18.1,30,,,,
11/11/2018,4.7,,0,,0,,55,32,70,70,10.1,16.1,,,,
11/12/2018,5.82,,2.66,0,0,,47,40,310,40,19.9,25.9,1,,,
11/13/2018,6.49,,0.31,,0,,50,43,320,280,16.1,21,1,,,
11/14/2018,5.59,,0.74,,0,,49,43,70,90,12.1,19.9,1,,,
11/15/2018,8.5,,0.75,0,0,,44,33,300,290,18.1,25.1,1,,,
11/16/2018,7.61,,0,0,0,,54,31,310,280,17,21.9,1,,,
11/17/2018,0.89,,0,0,0,,65,31,360,310,6,6.9,1,,,
11/18/2018,0.22,,0,0,0,,64,35,30,200,6,8.1,1,,,
11/19/2018,3.13,,0,0,0,,65,37,230,270,10.1,14.1,1,,,
11/20/2018,10.51,,0,0,0,,57,39,290,330,18.1,23.9,,,,
11/21/2018,4.03,,0,0,0,,57,30,310,330,12.1,16.1,1,,,
11/22/2018,1.79,,0,0,0,,61,30,110,130,8.1,13,,,,
11/23/2018,5.82,,0.02,,0,,47,37,70,60,15,23.9,1,,,1
11/24/2018,4.7,,0.4,,0,,49,35,290,90,13,21.9,1,,,
11/25/2018,3.36,,0.06,,0,,59,42,130,110,8.9,16.1,1,1,,
11/26/2018,10.96,,0.01,,0,,52,36,300,290,25.1,36,1,,,
11/27/2018,13.2,,0,0,0,,42,29,290,290,23.9,31.1,,,,
11/28/2018,8.72,,0,0,0,,44,25,300,310,19.9,28,,,,
11/29/2018,1.12,,0,,0,,57,24,180,180,8.9,13,,,,
11/30/2018,4.7,,0.02,0,0,,69,50,230,230,13,18.1,,,,
12/1/2018,3.58,,2.01,0,0,,59,50,300,290,15,21,1,,1,
12/2/2018,5.59,,0.03,,0,,71,47,210,240,16.1,19,1,,,
12/3/2018,6.71,,0,0,0,,63,40,330,330,17,27.1,1,,,
12/4/2018,9.62,,0,0,0,,48,34,330,310,17,21.9,,,,
12/5/2018,9.84,,0,0,0,,43,27,280,290,21,25.9,,,,
12/6/2018,2.91,,0,0,0,,50,24,330,320,8.9,13,,,,
12/7/2018,2.46,,0.01,,0,,46,33,300,300,8.9,12.1,,,,
12/8/2018,6.93,,1.65,,0,,44,37,70,60,18.1,28,1,,,
12/9/2018,6.93,,0.95,,0,,38,34,70,60,16.1,30,1,,,
12/10/2018,4.25,,0.17,,0,,44,38,330,320,12.1,14.1,1,,,
12/11/2018,6.49,,0,0,0,,51,30,290,310,14.1,16.1,1,,,
12/12/2018,2.01,,0,0,0,,52,26,210,240,10.1,14.1,,,,
12/13/2018,3.58,,0,0,,,52,32,50,70,12.1,17,1,,,1
12/14/2018,7.38,,0.81,,0,,49,43,70,90,15,21.9,1,,1,
12/15/2018,6.71,,0.03,,0,,52,46,220,220,16.1,19.9,1,,,1
12/16/2018,9.62,,0.02,,0,,51,46,310,300,18.1,25.9,1,,,1
12/17/2018,7.61,,0,0,0,,60,41,310,310,18.1,23,1,,,1
12/18/2018,4.25,,0,0,0,,63,39,330,330,15,19.9,,,,
12/19/2018,3.13,,0,0,0,,57,37,130,130,10.1,16.1,,,,
12/20/2018,4.03,,1.08,,0,,50,44,60,70,10.1,19,1,,,
12/21/2018,13.2,,0.7,,0,,49,38,280,280,23.9,34,1,,,
12/22/2018,6.71,,0,0,0,,51,31,280,300,14.1,19.9,1,,,1
12/23/2018,5.82,,0.03,0,0,,58,29,310,290,19.9,25.1,1,,,1
12/24/2018,6.26,,0,0,0,,52,30,310,300,15,19.9,1,,,1
12/25/2018,1.57,,0,0,0,,56,28,140,150,8.1,11,1,1,,1
12/26/2018,4.47,,0,0,0,,57,34,100,90,13,18.1,1,,,1
12/27/2018,6.71,,0.84,,0,,51,45,80,90,13,23.9,1,,1,
12/28/2018,4.25,,3.12,,0,,61,46,330,310,18.1,21.9,1,1,1,
12/29/2018,3.8,,0,,0,,59,42,310,290,12.1,14.1,1,1,,
12/30/2018,1.79,,0.52,,0,,53,48,290,290,8.1,10.1,1,,1,
12/31/2018,6.93,,0.05,0,0,,68,52,180,190,18.1,27.1,1,1,,
1/1/2019,2.91,,0.2,0,0,,64,54,310,320,8.9,12.1,1,,,
1/2/2019,2.24,,0.54,0,0,,57,45,340,330,8.9,11,1,1,,1
1/3/2019,2.24,,0.29,0,0,,54,49,360,20,12.1,14.1,1,,,
1/4/2019,9.84,,1.01,,0,,64,44,250,220,25.1,34,1,,,
1/5/2019,10.96,,0,0,0,,57,42,270,260,23,31.1,,,,
1/6/2019,3.36,,0,0,0,,69,38,320,320,10.1,17,,,,
1/7/2019,3.58,,0,0,0,,67,37,170,180,12.1,18.1,1,,,
1/8/2019,6.71,,0.01,,0,,64,46,300,290,17,23,1,,,1
1/9/2019,16.11,,0,0,0,,55,37,320,300,25.9,35.1,,,,
1/10/2019,11.86,,0,0,0,,44,28,320,340,21,28,,,,
1/11/2019,2.46,,0,0,0,,52,23,100,160,8.9,15,,,,
1/12/2019,6.04,,0.35,,0,,41,35,70,100,14.1,21.9,1,,,1
1/13/2019,3.8,,0.14,,0,,45,34,80,60,12.1,17,1,,,
1/14/2019,10.74,,0,0,0,,46,38,320,320,17,23,1,,,
1/15/2019,10.07,,0,0,0,,46,31,320,320,17,23,1,,,
1/16/2019,6.71,,0,0,0,,52,29,280,270,13,15,1,,,1
1/17/2019,1.79,,0.2,,0,,50,29,170,170,8.1,10.1,1,,1,1
1/18/2019,1.79,,0,0,0,,57,43,210,270,6.9,8.9,1,1,,1
1/19/2019,7.38,,0.83,,0,,61,46,170,140,17,23.9,1,1,,
1/20/2019,17.67,,0,0,0,,52,27,320,320,29.1,38,1,,,
1/21/2019,6.71,,0,0,0,,43,20,310,310,19.9,25.9,,,,
1/22/2019,6.04,,0,0,0,,43,28,90,110,12.1,19,,,,
1/23/2019,7.38,,1.55,,0,,66,40,150,160,23.9,36.9,1,,,
1/24/2019,11.41,,0.13,,0,,52,32,280,300,29.1,38,1,,,1
1/25/2019,8.5,,0,0,0,,45,28,310,280,17,25.1,,,,1
1/26/2019,4.25,,0,0,0,,49,23,280,300,16.1,23,1,,,
1/27/2019,1.34,,0,0,0,,50,26,300,290,8.1,10.1,1,,,1
7/30/2018,,,0,0,,,,,,,,,,,,
7/31/2018,,,0,,,,,,,,,,,,,
8/1/2018,,,1.06,,,,,,,,,,,,,
8/2/2018,,,1.65,,,,,,,,,,,,,
8/3/2018,,,1.21,,,,,,,,,,,,,
8/4/2018,,,0,0,,,,,,,,,,,,
8/5/2018,,,0.01,,,,,,,,,,,,,
8/6/2018,,,0,,,,,,,,,,,,,
8/7/2018,,,0,,,,,,,,,,,,,
8/8/2018,,,0.31,,,,,,,,,,,,,
8/9/2018,,,0.1,,,,,,,,,,,,,
8/10/2018,,,0.14,,,,,,,,,,,,,
8/11/2018,,,0,0,,,,,,,,,,,,
8/12/2018,,,0,0,,,,,,,,,,,,
8/13/2018,,,0,0,,,,,,,,,,,,
8/14/2018,,,0,0,,,,,,,,,,,,
8/15/2018,,,0,0,,,,,,,,,,,,
8/16/2018,,,0,0,,,,,,,,,,,,
8/17/2018,,,0,0,,,,,,,,,,,,
8/18/2018,,,0.51,,,,,,,,,,,,,
8/19/2018,,,0.51,,,,,,,,,,,,,
8/20/2018,,,0,0,,,,,,,,,,,,
8/21/2018,,,0.03,,,,,,,,,,,,,
8/22/2018,,,0.62,,,,,,,,,,,,,
8/23/2018,,,0,0,,,,,,,,,,,,
8/24/2018,,,0,0,,,,,,,,,,,,
8/25/2018,,,0,0,,,,,,,,,,,,
8/26/2018,,,0,0,,,,,,,,,,,,
8/27/2018,,,0,0,,,,,,,,,,,,
8/28/2018,,,0,0,,,,,,,,,,,,
8/29/2018,,,0,0,,,,,,,,,,,,
8/30/2018,,,0.04,,,,,,,,,,,,,
8/31/2018,,,0,0,,,,,,,,,,,,
9/1/2018,,,0,0,,,,,,,,,,,,
9/2/2018,,,0,0,,,,,,,,,,,,
9/3/2018,,,0,0,,,,,,,,,,,,
9/4/2018,,,0,0,,,,,,,,,,,,
9/5/2018,,,0,0,,,,,,,,,,,,
9/6/2018,,,0,0,,,,,,,,,,,,
9/7/2018,,,0,0,,,,,,,,,,,,
9/8/2018,,,0.22,,,,,,,,,,,,,
9/9/2018,,,0,0,,,,,,,,,,,,
9/10/2018,,,0.29,,,,,,,,,,,,,
9/11/2018,,,0.19,,,,,,,,,,,,,
9/12/2018,,,0.24,,,,,,,,,,,,,
9/13/2018,,,0,0,,,,,,,,,,,,
9/14/2018,,,0.01,,,,,,,,,,,,,
9/15/2018,,,0,0,,,,,,,,,,,,
9/16/2018,,,0,,,,,,,,,,,,,
9/17/2018,,,0.05,,,,,,,,,,,,,
9/18/2018,,,0,0,,,,,,,,,,,,
9/19/2018,,,0,0,,,,,,,,,,,,
9/20/2018,,,0,0,,,,,,,,,,,,
9/21/2018,,,0,0,,,,,,,,,,,,
9/22/2018,,,0,0,,,,,,,,,,,,
9/23/2018,,,0,0,,,,,,,,,,,,
9/24/2018,,,0,0,,,,,,,,,,,,
9/25/2018,,,0,,,,,,,,,,,,,
9/26/2018,,,0,,,,,,,,,,,,,
9/27/2018,,,1.57,,,,,,,,,,,,,
9/28/2018,,,0.17,,,,,,,,,,,,,
9/29/2018,,,0.18,,,,,,,,,,,,,
9/30/2018,,,0,0,,,,,,,,,,,,
10/1/2018,,,0,0,,,,,,,,,,,,
10/2/2018,,,0,0,,,,,,,,,,,,
10/3/2018,,,0,0,,,,,,,,,,,,
10/4/2018,,,0,0,,,,,,,,,,,,
10/5/2018,,,0,0,,,,,,,,,,,,
10/6/2018,,,0,0,,,,,,,,,,,,
10/7/2018,,,0,0,,,,,,,,,,,,
10/8/2018,,,0,0,,,,,,,,,,,,
10/9/2018,,,0,,,,,,,,,,,,,
10/10/2018,,,0.13,,,,,,,,,,,,,
10/11/2018,,,3.54,,,,,,,,,,,,,
10/12/2018,,,0,0,,,,,,,,,,,,
10/13/2018,,,0,0,,,,,,,,,,,,
10/14/2018,,,0,0,,,,,,,,,,,,
10/15/2018,,,0,0,,,,,,,,,,,,
10/16/2018,,,0,0,,,,,,,,,,,,
10/17/2018,,,0,0,,,,,,,,,,,,
10/18/2018,,,0,0,,,,,,,,,,,,
10/19/2018,,,0,0,,,,,,,,,,,,
10/20/2018,,,0,0,,,,,,,,,,,,
10/21/2018,,,0.08,,,,,,,,,,,,,
10/22/2018,,,0,0,,,,,,,,,,,,
10/23/2018,,,0,0,,,,,,,,,,,,
10/24/2018,,,0,0,,,,,,,,,,,,
10/25/2018,,,0,0,,,,,,,,,,,,
10/26/2018,,,0.7,,,,,,,,,,,,,
10/27/2018,,,0.29,,,,,,,,,,,,,
10/28/2018,,,0,0,,,,,,,,,,,,
10/29/2018,,,0,0,,,,,,,,,,,,
10/30/2018,,,0,0,,,,,,,,,,,,
10/31/2018,,,0,0,,,,,,,,,,,,
11/1/2018,,,0,0,,,,,,,,,,,,
11/2/2018,,,0.66,,,,,,,,,,,,,
11/3/2018,,,0.06,,,,,,,,,,,,,
11/4/2018,,,0,0,,,,,,,,,,,,
11/5/2018,,,0.11,,,,,,,,,,,,,
11/6/2018,,,0.17,,,,,,,,,,,,,
11/7/2018,,,0.11,,,,,,,,,,,,,
11/8/2018,,,0.54,,,,,,,,,,,,,
11/9/2018,,,0.63,,,,,,,,,,,,,
11/10/2018,,,0.31,,,,,,,,,,,,,
11/11/2018,,,0,0,,,,,,,,,,,,
11/12/2018,,,0.27,,,,,,,,,,,,,
11/13/2018,,,2.56,,,,,,,,,,,,,
11/14/2018,,,0.19,,,,,,,,,,,,,
11/15/2018,,,1.76,,,,,,,,,,,,,
11/16/2018,,,0.02,,,,,,,,,,,,,
11/17/2018,,,0,0,,,,,,,,,,,,
11/18/2018,,,0,0,,,,,,,,,,,,
11/19/2018,,,0,0,,,,,,,,,,,,
11/20/2018,,,0,0,,,,,,,,,,,,
11/21/2018,,,0.01,,,,,,,,,,,,,
11/22/2018,,,0,0,,,,,,,,,,,,
11/23/2018,,,0,0,,,,,,,,,,,,
11/24/2018,,,0.46,,,,,,,,,,,,,
11/25/2018,,,0.06,,,,,,,,,,,,,
11/26/2018,,,0.18,,,,,,,,,,,,,
11/27/2018,,,0,0,,,,,,,,,,,,
11/28/2018,,,0,0,,,,,,,,,,,,
11/29/2018,,,0,0,,,,,,,,,,,,
11/30/2018,,,0.05,,,,,,,,,,,,,
12/1/2018,,,0.06,,,,,,,,,,,,,
12/2/2018,,,1.81,,,,,,,,,,,,,
12/3/2018,,,0,0,,,,,,,,,,,,
12/4/2018,,,0,0,,,,,,,,,,,,
12/5/2018,,,0,0,,,,,,,,,,,,
12/6/2018,,,0,0,,,,,,,,,,,,
12/7/2018,,,0,,,,,,,,,,,,,
12/8/2018,,,0.19,,,,,,,,,,,,,
12/9/2018,,,2.69,,,,,,,,,,,,,
12/10/2018,,,0.11,,,,,,,,,,,,,
12/11/2018,,,0.21,,,,,,,,,,,,,
12/12/2018,,,0,0,,,,,,,,,,,,
12/13/2018,,,0,0,,,,,,,,,,,,
12/14/2018,,,0.12,,,,,,,,,,,,,
12/15/2018,,,1.17,,,,,,,,,,,,,
12/16/2018,,,0.02,,,,,,,,,,,,,
12/17/2018,,,0,0,,,,,,,,,,,,
12/18/2018,,,0,0,,,,,,,,,,,,
12/19/2018,,,0,0,,,,,,,,,,,,
12/20/2018,,,0.29,,,,,,,,,,,,,
12/21/2018,,,1.46,,,,,,,,,,,,,
12/22/2018,,,0.14,,,,,,,,,,,,,
12/23/2018,,,0,0,,,,,,,,,,,,
12/24/2018,,,0.01,,,,,,,,,,,,,
12/25/2018,,,0,0,,,,,,,,,,,,
12/26/2018,,,0,0,,,,,,,,,,,,
12/27/2018,,,0.01,,,,,,,,,,,,,
12/28/2018,,,2.59,,,,,,,,,,,,,
12/29/2018,,,1.89,,,,,,,,,,,,,
12/30/2018,,,0.33,,,,,,,,,,,,,
12/31/2018,,,0.13,,,,,,,,,,,,,
1/1/2019,,,0.48,,,,,,,,,,,,,
1/2/2019,,,0.04,,,,,,,,,,,,,
1/3/2019,,,0.77,,,,,,,,,,,,,
1/4/2019,,,0.92,,,,,,,,,,,,,
1/5/2019,,,0.57,,,,,,,,,,,,,
1/6/2019,,,0,0,,,,,,,,,,,,
1/7/2019,,,0,0,,,,,,,,,,,,
1/8/2019,,,0,0,,,,,,,,,,,,
1/9/2019,,,0.02,,,,,,,,,,,,,
1/10/2019,,,0,0,,,,,,,,,,,,
1/11/2019,,,0,0,,,,,,,,,,,,
1/12/2019,,,0,0,,,,,,,,,,,,
1/13/2019,,,0.63,,,,,,,,,,,,,
1/14/2019,,,0,0,,,,,,,,,,,,
1/15/2019,,,0,0,,,,,,,,,,,,
1/16/2019,,,0,0,,,,,,,,,,,,
1/17/2019,,,0,0,,,,,,,,,,,,
1/18/2019,,,0.12,,,,,,,,,,,,,
1/19/2019,,,0.01,,,,,,,,,,,,,
1/20/2019,,,1.29,,,,,,,,,,,,,
8/8/2018,,,0.86,,,,,,,,,,,,,
8/10/2018,,,0.47,,,,,,,,,,,,,
9/8/2018,,,0.31,,,,,,,,,,,,,
9/9/2018,,,0,0,,,,,,,,,,,,
10/25/2018,,,0,,,,,,,,,,,,,
10/26/2018,,,0.91,,,,,,,,,,,,,
10/27/2018,,,0.06,,,,,,,,,,,,,
8/19/2018,,,0.62,,,,,,,,,,,,,
10/11/2018,,,2.94,,,,,,,,,,,,,
1/20/2019,,,1.31,,,,,,,,,,,,,
1/24/2019,,,1.9,,,,,,,,,,,,,
8/3/2018,,,1.18,,,,,,,,,,,,,
8/12/2018,,,0,0,,,,,,,,,,,,
8/13/2018,,,0,0,,,,,,,,,,,,
8/25/2018,,,0,0,,,,,,,,,,,,
8/26/2018,,,0,0,,,,,,,,,,,,
9/13/2018,,,0,0,,,,,,,,,,,,
9/14/2018,,,0,0,,,,,,,,,,,,
9/18/2018,,,0,0,,,,,,,,,,,,
9/19/2018,,,0,0,,,,,,,,,,,,
9/20/2018,,,0,0,,,,,,,,,,,,
9/21/2018,,,0,0,,,,,,,,,,,,
9/22/2018,,,0,0,,,,,,,,,,,,
9/23/2018,,,0,0,,,,,,,,,,,,
10/11/2018,,,3.71,,,,,,,,,,,,,
10/12/2018,,,0,0,,,,,,,,,,,,
10/13/2018,,,0,0,,,,,,,,,,,,
10/14/2018,,,0,0,,,,,,,,,,,,
10/15/2018,,,0,0,,,,,,,,,,,,
11/30/2018,,,0.05,,,,,,,,,,,,,
12/4/2018,,,0,0,,,,,,,,,,,,
12/5/2018,,,0,0,,,,,,,,,,,,
12/17/2018,,,0,0,,,,,,,,,,,,
12/18/2018,,,0,0,,,,,,,,,,,,
12/19/2018,,,0,0,,,,,,,,,,,,
12/24/2018,,,0.03,0,,,,,,,,,,,,
12/25/2018,,,0,0,,,,,,,,,,,,
12/26/2018,,,0,0,,,,,,,,,,,,
12/28/2018,,,2.55,,,,,,,,,,,,,
1/3/2019,,,0.73,,,,,,,,,,,,,
1/7/2019,,,0,0,,,,,,,,,,,,
1/8/2019,,,0,0,,,,,,,,,,,,
1/9/2019,,,0,0,,,,,,,,,,,,
1/10/2019,,,0,0,,,,,,,,,,,,
1/11/2019,,,0,0,,,,,,,,,,,,
1/12/2019,,,0,0,,,,,,,,,,,,
1/13/2019,,,0.63,,,,,,,,,,,,,
1/14/2019,,,0,0,,,,,,,,,,,,
1/15/2019,,,0,0,,,,,,,,,,,,
1/16/2019,,,0,0,,,,,,,,,,,,
1/17/2019,,,0,0,,,,,,,,,,,,
1/18/2019,,,0.13,,,,,,,,,,,,,
1/19/2019,,,0.01,0,,,,,,,,,,,,
1/22/2019,,,0,0,,,,,,,,,,,,
1/23/2019,,,0,0,,,,,,,,,,,,
1/24/2019,,,1.96,,,,,,,,,,,,,
1/25/2019,,,0,0,,,,,,,,,,,,
1/26/2019,,,0,0,,,,,,,,,,,,
7/30/2018,3.13,,0.06,0,0,,87,69,140,140,15,19,1,,1,
7/31/2018,4.03,,1.25,0,0,,84,70,230,230,14.1,18.1,1,,1,
8/1/2018,3.58,,1.17,0,0,,76,70,180,190,12.1,15,1,,,
8/2/2018,4.92,,1.36,0,0,,78,71,160,150,17,21,1,,,
8/3/2018,3.36,,0,0,0,,87,71,170,260,8.9,13,1,,,
8/4/2018,1.79,,0,0,0,,89,68,210,170,8.9,13,,,1,
8/5/2018,1.79,,0,0,0,,92,71,280,280,10.1,14.1,,,1,
8/6/2018,2.01,,0,0,0,,93,72,320,290,12.1,14.1,,,,
8/7/2018,3.8,,0.35,0,0,,94,73,150,160,21.9,28,1,,1,
8/8/2018,4.47,,0.17,0,0,,92,70,320,320,21.9,27.1,1,,1,
8/9/2018,2.91,,0.9,0,0,,88,70,290,280,29.1,36.9,1,,1,
8/10/2018,4.25,,0,0,0,,89,71,280,280,13,19,,,,
8/11/2018,4.7,,0,0,0,,88,71,290,260,13,17,,,,
8/12/2018,2.91,,0,0,0,,91,69,300,300,13,18.1,,,,
8/13/2018,2.68,,0,0,0,,89,70,290,290,10.1,14.1,1,,,
8/14/2018,1.79,,0,0,0,,90,66,300,330,10.1,18.1,,,,
8/15/2018,1.12,,0,0,0,,92,66,300,320,8.1,11,,,,
8/16/2018,3.8,,0,0,0,,90,69,190,170,10.1,14.1,1,,1,
8/17/2018,6.04,,0.04,0,0,,86,73,140,130,14.1,19.9,1,,,
8/18/2018,7.16,,0.53,0,0,,87,73,250,250,17,27.1,1,,1,
8/19/2018,4.92,,0.19,0,0,,84,73,230,230,16.1,21.9,1,,,1
8/20/2018,4.92,,0.34,0,0,,85,72,200,190,13,17,1,,1,
8/21/2018,6.71,,0.14,0,0,,86,73,300,310,18.1,23.9,1,,,1
8/22/2018,5.37,,0,0,0,,84,68,320,340,15,21.9,,,,
8/23/2018,2.91,,0,0,0,,86,66,120,130,8.9,12.1,,,,
8/24/2018,5.37,,0,0,0,,83,62,70,70,14.1,18.1,,,,
8/25/2018,3.58,,0,0,0,,87,63,60,60,8.9,14.1,,,,
8/26/2018,1.57,,0,0,0,,89,65,40,30,8.9,13,,,,
8/27/2018,3.36,,0,0,0,,90,68,150,150,12.1,15,,,,
8/28/2018,2.24,,0,0,0,,91,69,170,180,10.1,14.1,,,,
8/29/2018,3.58,,0,0,0,,90,70,220,210,16.1,23,,,1,
8/30/2018,2.91,,0,0,0,,89,67,210,190,12.1,16.1,,,,
8/31/2018,3.13,,0,0,0,,89,71,150,170,12.1,16.1,,,,
9/1/2018,3.13,,0,0,0,,91,69,150,150,13,18.1,,,,
9/2/2018,4.7,,0,0,0,,92,70,70,100,15,19,,,,
9/3/2018,5.37,,0,0,0,,91,70,70,90,14.1,18.1,,,,
9/4/2018,5.37,,0,0,0,,89,71,70,80,15,18.1,,,,
9/5/2018,4.7,,0,0,0,,87,73,140,170,13,21.9,,,,
9/6/2018,2.68,,0,0,0,,88,72,140,80,10.1,14.1,,,,
9/7/2018,2.24,,0,0,0,,92,68,170,170,10.1,16.1,,,1,
9/8/2018,2.68,,0,0,0,,90,69,250,250,12.1,17,1,,,
9/9/2018,3.8,,0,0,0,,89,69,160,150,18.1,23,,,,
9/10/2018,3.58,,0.04,0,0,,87,70,200,210,12.1,17,,,,
9/11/2018,2.24,,0,0,0,,89,71,70,80,14.1,19,1,,,
9/12/2018,2.46,,0.32,0,0,,90,72,90,110,18.1,21.9,1,,1,
9/13/2018,2.24,,0,0,0,,89,73,340,330,10.1,14.1,,,,
9/14/2018,4.25,,0,0,0,,94,72,310,310,15,19,,,,
9/15/2018,3.13,,0.03,0,0,,94,71,40,40,15,21,1,,1,
9/16/2018,6.71,,0.03,0,0,,82,71,310,330,16.1,21.9,1,,,
9/17/2018,3.58,,0,0,0,,90,67,260,220,12.1,16.1,,,,
9/18/2018,3.8,,0,0,0,,92,69,290,330,14.1,17,,,,
9/19/2018,1.79,,0,0,0,,94,67,40,330,8.1,11,1,,,
9/20/2018,2.68,,0,0,0,,95,67,80,70,10.1,15,1,,,1
9/21/2018,2.68,,0,0,0,,90,66,140,150,10.1,14.1,,,,
9/22/2018,2.68,,0,0,0,,91,67,150,140,10.1,14.1,,,,
9/23/2018,3.36,,0,0,0,,90,65,150,130,14.1,19.9,,,,
9/24/2018,8.05,,0,0,0,,87,73,80,120,15,19.9,1,,,
9/25/2018,5.14,,0.07,0,0,,88,73,140,170,16.1,19.9,1,,,
9/26/2018,4.25,,0.21,0,0,,88,71,280,270,19.9,25.9,1,,1,
9/27/2018,4.47,,0.29,0,0,,83,70,230,170,13,18.1,1,,1,
9/28/2018,3.36,,0.19,0,0,,83,70,320,310,14.1,15,1,,,
9/29/2018,1.79,,0,0,0,,88,69,40,30,8.9,13,1,,,
9/30/2018,2.91,,0,0,0,,84,67,70,70,12.1,15,1,,,
10/1/2018,4.47,,0,0,0,,85,66,60,70,12.1,16.1,,,,
10/2/2018,1.57,,0,0,0,,87,62,40,30,8.1,12.1,,,,
10/3/2018,1.57,,0,0,0,,88,63,210,200,8.9,11,,,,
10/4/2018,1.34,,0,0,0,,89,65,310,340,8.9,13,1,,,
10/5/2018,1.79,,0,0,0,,91,66,320,260,8.9,15,1,,,
10/6/2018,0.89,,0,0,0,,91,67,290,290,10.1,13,1,,,
10/7/2018,3.58,,0,0,0,,88,67,150,130,14.1,19.9,,,,
10/8/2018,7.16,,0,0,0,,86,70,80,70,17,23,,,,
10/9/2018,10.07,,0.07,0,0,,81,71,110,90,18.1,25.1,1,,,
10/10/2018,8.28,,4.34,0,0,,83,72,10,20,18.1,25.1,1,,,
10/11/2018,11.86,,1.68,0,0,,80,59,330,310,23,32,1,,,
10/12/2018,5.82,,0,0,0,,73,50,300,310,14.1,19.9,,,,
10/13/2018,4.03,,0,0,0,,73,53,290,350,13,19,,,,
10/14/2018,4.03,,0,0,0,,81,55,140,140,13,16.1,,,,
10/15/2018,0.67,,0,0,0,,82,60,240,230,8.9,13,1,,,
10/16/2018,3.8,,0,0,0,,82,65,340,320,8.9,16.1,1,,,
10/17/2018,5.59,,0,0,0,,76,58,310,310,15,18.1,,,,
10/18/2018,3.8,,0,0,0,,74,52,80,60,12.1,16.1,,,,
10/19/2018,3.36,,0,0,0,,66,50,150,80,8.9,12.1,,,,
10/20/2018,6.04,,0.29,0,0,,67,56,290,340,14.1,19.9,1,,,
10/21/2018,6.71,,0,0,0,,64,40,330,320,19.9,31.1,,,,
10/22/2018,2.01,,0,0,0,,66,36,150,160,13,17,,,,
10/23/2018,1.57,,0,0,0,,69,45,290,290,8.1,12.1,,,,
10/24/2018,1.57,,0,0,0,,73,41,140,150,10.1,13,1,,,
10/25/2018,6.93,,0.24,,0,,58,49,90,90,15,23,1,,,
10/26/2018,6.49,,0.57,,0,,54,48,60,60,16.1,21,1,,,
10/27/2018,8.5,,0,0,0,,60,48,290,300,18.1,27.1,,,,
10/28/2018,5.14,,0,0,0,,73,41,200,210,15,21.9,1,,,
10/29/2018,4.25,,0,0,0,,70,44,300,300,15,19.9,,,,
10/30/2018,2.01,,0,0,0,,72,39,80,50,8.9,13,,,,
10/31/2018,2.24,,0,0,0,,77,47,200,170,13,17,,,,
11/1/2018,7.16,,0.31,0,0,,70,56,180,140,16.1,23,1,,,
11/2/2018,6.93,,0.05,,0,,63,43,290,290,21.9,29.1,1,,,
11/3/2018,1.34,,0,0,0,,64,36,220,280,8.1,13,1,,,
11/4/2018,5.82,,0,0,0,,65,38,90,110,16.1,23,,,,
11/5/2018,4.7,,0.24,0,0,,65,55,150,140,10.1,16.1,1,,,
11/6/2018,3.8,,0.26,0,0,,71,51,310,300,21.9,28,1,,,
11/7/2018,2.46,,0.52,,0,,74,44,90,70,15,21,1,1,1,
11/8/2018,5.59,,0.01,0,0,,64,56,50,50,13,15,1,,,
11/9/2018,7.38,,0.48,,0,,59,43,320,320,18.1,29.1,1,,,
11/10/2018,8.28,,0,0,0,,50,31,310,310,17,21.9,,,,
11/11/2018,6.26,,0,0,0,,62,31,60,60,14.1,17,,,,1
11/12/2018,8.05,,2.76,0,0,,48,41,310,40,16.1,19.9,1,,,
11/13/2018,4.47,,0.38,,0,,51,43,330,310,15,19,1,,,
11/14/2018,7.83,,1.03,,0,,50,43,80,80,21,28,1,,,
11/15/2018,8.28,,0.45,0,0,,45,34,70,80,19.9,25.9,1,,,
11/16/2018,5.59,,0,0,0,,56,31,330,310,15,21.9,1,,,
11/17/2018,0.89,,0,0,0,,65,32,290,300,6.9,8.9,1,1,,
11/18/2018,0.67,,0,0,0,,65,34,50,150,6,8.9,1,1,,
11/19/2018,2.24,,0,0,0,,66,37,210,210,10.1,13,1,,,
11/20/2018,8.5,,0,0,0,,57,39,310,340,17,23.9,,,,
11/21/2018,3.36,,0,0,0,,58,34,280,350,14.1,17,,,,
11/22/2018,1.57,,0,0,0,,61,31,70,50,8.9,11,,,,
11/23/2018,9.84,,0.01,,0,,49,35,90,80,18.1,25.9,1,,,
11/24/2018,4.47,,0.42,,0,,50,37,80,90,16.1,21,1,,,
11/25/2018,2.68,,0.07,,0,,56,44,140,140,14.1,19.9,1,1,,
11/26/2018,9.62,,0,,0,,54,35,300,290,21.9,30,1,,,
11/27/2018,10.51,,0,0,0,,44,30,310,300,25.9,33.1,,,,
11/28/2018,6.26,,0,0,0,,45,26,290,330,16.1,23,,,,
11/29/2018,1.57,,0,0,0,,58,27,200,200,8.9,12.1,,,,
11/30/2018,4.03,,0.04,0,0,,70,51,220,210,13,18.1,,,,
12/1/2018,4.7,,1.92,0,0,,62,50,270,90,12.1,17,1,,1,
12/2/2018,3.58,,0.04,,0,,73,45,240,230,13,19,1,,,1
12/3/2018,4.92,,0,0,0,,65,41,280,350,13,21,,,,
12/4/2018,7.16,,0,0,0,,49,34,320,320,17,21,,,,
12/5/2018,7.38,,0,0,0,,43,27,300,300,19.9,29.1,,,,
12/6/2018,1.57,,0,0,0,,51,25,180,180,8.9,11,,,,
12/7/2018,1.12,,0,,0,,47,35,300,300,8.1,11,,,,
12/8/2018,10.51,,1.69,0,0,,45,39,80,90,23,33.1,1,,,
12/9/2018,9.62,,0.96,,0,,40,36,80,70,23,29.1,1,,,
12/10/2018,4.25,,0.13,,0,,43,39,330,340,8.9,13,1,,,
12/11/2018,4.25,,0,0,0,,52,30,290,330,12.1,15,,,,
12/12/2018,1.57,,0,0,0,,53,28,200,210,8.9,11,,,,
12/13/2018,4.25,,0,0,0,,54,33,70,60,13,18.1,,,,
12/14/2018,9.17,,0.46,,0,,51,46,60,50,19.9,25.1,1,,1,
12/15/2018,4.92,,0.02,,0,,52,48,210,210,14.1,19.9,1,,,
12/16/2018,6.26,,0,0,0,,54,46,330,320,16.1,23,1,,,
12/17/2018,5.14,,0,0,0,,62,40,300,300,17,23,,,,
12/18/2018,3.8,,0,0,0,,64,38,330,330,15,21.9,,,,
12/19/2018,4.03,,0,0,0,,59,36,150,120,14.1,17,,,,
12/20/2018,4.92,,0.85,,0,,52,46,60,60,15,19,1,,,
12/21/2018,11.41,,0.51,,0,,50,40,290,280,23.9,30,1,,,
12/22/2018,5.59,,0,0,0,,53,33,290,290,15,19,1,,,
12/23/2018,4.92,,0,0,0,,62,30,300,290,17,21.9,1,,,
12/24/2018,4.92,,0,0,0,,53,31,330,310,14.1,19,,,,
12/25/2018,1.12,,0,0,0,,58,28,260,240,8.1,12.1,1,,,
12/26/2018,5.37,,0,0,0,,59,33,80,90,15,19,1,,,
12/27/2018,9.84,,1.15,,0,,55,48,70,80,19.9,25.1,1,,1,
12/28/2018,3.8,,2.88,,0,,63,49,140,150,15,18.1,1,,1,
12/29/2018,2.24,,0.01,,0,,61,43,330,340,12.1,14.1,1,,,
12/30/2018,2.46,,0.38,0,0,,55,50,320,320,8.1,8.9,1,,1,
12/31/2018,6.26,,0.14,0,0,,71,55,190,170,16.1,23,1,,,
1/1/2019,1.12,,0.12,0,0,,66,54,310,310,6.9,8.9,1,,,
1/2/2019,2.24,,0.46,0,0,,57,48,130,130,8.1,11,1,1,,
1/3/2019,1.57,,0.3,0,0,,55,50,320,340,10.1,14.1,1,,,
1/4/2019,7.61,,1.05,,0,,66,45,270,270,19.9,33.1,1,,,
1/5/2019,8.5,,0,0,0,,59,44,280,240,18.1,27.1,,,,
1/6/2019,2.46,,0,0,0,,69,38,320,320,10.1,16.1,,,,
1/7/2019,2.68,,0,0,0,,69,37,180,180,14.1,17,,,,
1/8/2019,6.26,,0,,0,,66,47,310,300,18.1,27.1,,,,
1/9/2019,12.75,,0,0,0,,56,39,320,290,23.9,35.1,,,,
1/10/2019,9.17,,0,0,0,,45,29,340,320,18.1,33.1,,,,
1/11/2019,4.03,,0,0,0,,54,27,130,180,10.1,15,,,,
1/12/2019,8.95,,0.4,,0,,44,38,70,100,17,21.9,1,,,
1/13/2019,5.14,,0.1,,0,,47,36,60,50,14.1,17,1,,,
1/14/2019,8.5,,0,0,0,,45,39,340,350,14.1,19,,,,
1/15/2019,7.61,,0,0,0,,45,32,280,300,16.1,23.9,,,,
1/16/2019,3.58,,0,0,0,,53,30,310,320,12.1,16.1,1,,,
1/17/2019,2.01,,0.13,,0,,47,30,320,320,8.9,11,1,,1,
1/18/2019,1.79,,0,0,0,,57,44,200,200,6.9,8.9,1,,,
1/19/2019,8.72,,0.9,,0,,63,45,150,160,19.9,28,1,,,
1/20/2019,14.09,,0,0,0,,53,28,320,300,23.9,36,,,,
1/21/2019,5.59,,0,0,0,,43,21,310,310,17,23.9,,,,
1/22/2019,8.28,,0,0,0,,45,30,70,70,15,21.9,,,,
1/23/2019,8.95,,1.66,,0,,68,43,150,160,23,38,1,,,
1/24/2019,9.17,,0.08,,0,,55,34,300,290,21.9,29.1,1,,,
1/25/2019,5.82,,0,0,0,,47,30,290,310,15,21,,,,
1/26/2019,2.91,,0,0,0,,52,25,310,320,15,19.9,,,,
1/27/2019,0,,0,0,0,,52,29,120,120,8.1,12.1,1,,,
7/31/2018,,,0,,,,,,,,,,,,,
8/1/2018,,,1.18,,,,,,,,,,,,,
8/2/2018,,,1.34,,,,,,,,,,,,,
8/3/2018,,,1.05,,,,,,,,,,,,,
8/4/2018,,,0,0,,,,,,,,,,,,
8/11/2018,,,0,0,,,,,,,,,,,,
8/12/2018,,,0,,,,,,,,,,,,,
8/19/2018,,,0.31,,,,,,,,,,,,,
8/20/2018,,,0.01,,,,,,,,,,,,,
8/21/2018,,,0,,,,,,,,,,,,,
8/30/2018,,,0,,,,,,,,,,,,,
9/10/2018,,,0.38,,,,,,,,,,,,,
9/11/2018,,,0.02,,,,,,,,,,,,,
9/15/2018,,,0,,,,,,,,,,,,,
9/16/2018,,,0,,,,,,,,,,,,,
9/19/2018,,,0,0,,,,,,,,,,,,
9/20/2018,,,0,0,,,,,,,,,,,,
9/21/2018,,,0,0,,,,,,,,,,,,
9/22/2018,,,0,0,,,,,,,,,,,,
9/23/2018,,,0,0,,,,,,,,,,,,
9/24/2018,,,0,,,,,,,,,,,,,
9/25/2018,,,0,,,,,,,,,,,,,
9/26/2018,,,0,0,,,,,,,,,,,,
9/27/2018,,,1.39,,,,,,,,,,,,,
9/28/2018,,,0.43,,,,,,,,,,,,,
9/29/2018,,,0.43,,,,,,,,,,,,,
9/30/2018,,,0,,,,,,,,,,,,,
10/1/2018,,,0,0,,,,,,,,,,,,
10/2/2018,,,0,0,,,,,,,,,,,,
10/3/2018,,,0,0,,,,,,,,,,,,
10/4/2018,,,0,0,,,,,,,,,,,,
10/5/2018,,,0,0,,,,,,,,,,,,
10/6/2018,,,0,0,,,,,,,,,,,,
10/7/2018,,,0,,,,,,,,,,,,,
10/8/2018,,,0,,,,,,,,,,,,,
10/9/2018,,,0,0,,,,,,,,,,,,
10/10/2018,,,0.04,,,,,,,,,,,,,
10/11/2018,,,3.23,,,,,,,,,,,,,
10/12/2018,,,0,0,,,,,,,,,,,,
10/13/2018,,,0,0,,,,,,,,,,,,
10/14/2018,,,0,0,,,,,,,,,,,,
10/15/2018,,,0,0,,,,,,,,,,,,
10/16/2018,,,0,,,,,,,,,,,,,
10/17/2018,,,0,,,,,,,,,,,,,
10/18/2018,,,0,0,,,,,,,,,,,,
10/19/2018,,,0,0,,,,,,,,,,,,
10/20/2018,,,0,0,,,,,,,,,,,,
10/21/2018,,,0.09,,,,,,,,,,,,,
10/22/2018,,,0,0,,,,,,,,,,,,
10/23/2018,,,0,0,,,,,,,,,,,,
10/24/2018,,,0,0,,,,,,,,,,,,
10/25/2018,,,0,0,,,,,,,,,,,,
10/26/2018,,,0.57,,,,,,,,,,,,,
10/27/2018,,,0.25,,,,,,,,,,,,,
11/1/2018,,,0,0,,,,,,,,,,,,
11/2/2018,,,0.48,,,,,,,,,,,,,
11/3/2018,,,0.05,,,,,,,,,,,,,
11/4/2018,,,0,0,,,,,,,,,,,,
11/5/2018,,,0.11,,,,,,,,,,,,,
11/6/2018,,,0.11,,,,,,,,,,,,,
11/7/2018,,,0.17,,,,,,,,,,,,,
11/8/2018,,,0.51,,,,,,,,,,,,,
11/9/2018,,,0.69,,,,,,,,,,,,,
11/10/2018,,,0.19,,,,,,,,,,,,,
11/11/2018,,,0,0,,,,,,,,,,,,
11/12/2018,,,0.2,,,,,,,,,,,,,
11/13/2018,,,2.28,,,,,,,,,,,,,
11/14/2018,,,0.21,,,,,,,,,,,,,
11/15/2018,,,1.46,,,,,,,,,,,,,
11/16/2018,,,0.02,,,,,,,,,,,,,
11/17/2018,,,0,0,,,,,,,,,,,,
11/18/2018,,,0,0,,,,,,,,,,,,
11/19/2018,,,0,,,,,,,,,,,,,
11/20/2018,,,0.03,,,,,,,,,,,,,
11/21/2018,,,0,0,,,,,,,,,,,,
11/22/2018,,,0,0,,,,,,,,,,,,
11/23/2018,,,0,0,,,,,,,,,,,,
11/24/2018,,,0.41,,,,,,,,,,,,,
11/25/2018,,,0.01,,,,,,,,,,,,,
11/26/2018,,,0.13,,,,,,,,,,,,,
11/27/2018,,,0,0,,,,,,,,,,,,
11/28/2018,,,0,0,,,,,,,,,,,,
11/29/2018,,,0,0,,,,,,,,,,,,
11/30/2018,,,0.06,,,,,,,,,,,,,
12/1/2018,,,0.02,,,,,,,,,,,,,
12/2/2018,,,1.2,,,,,,,,,,,,,
12/3/2018,,,0,0,,,,,,,,,,,,
12/4/2018,,,0,0,,,,,,,,,,,,
12/5/2018,,,0,0,,,,,,,,,,,,
12/6/2018,,,0,0,,,,,,,,,,,,
12/7/2018,,,0,0,,,,,,,,,,,,
12/10/2018,,,0.13,,,,,,,,,,,,,
12/11/2018,,,0.17,,,,,,,,,,,,,
12/12/2018,,,0,0,,,,,,,,,,,,
12/13/2018,,,0,0,,,,,,,,,,,,
12/14/2018,,,0.13,,,,,,,,,,,,,
12/15/2018,,,0.87,,,,,,,,,,,,,
12/16/2018,,,0.02,,,,,,,,,,,,,
12/20/2018,,,0.25,,,,,,,,,,,,,
12/21/2018,,,1.44,,,,,,,,,,,,,
12/27/2018,,,0,,,,,,,,,,,,,
12/28/2018,,,2.43,,,,,,,,,,,,,
12/29/2018,,,1.79,,,,,,,,,,,,,
12/30/2018,,,0.36,,,,,,,,,,,,,
12/31/2018,,,0.07,,,,,,,,,,,,,
1/1/2019,,,0.47,,,,,,,,,,,,,
1/2/2019,,,0.04,,,,,,,,,,,,,
1/3/2019,,,0.7,,,,,,,,,,,,,
1/4/2019,,,0.86,,,,,,,,,,,,,
1/5/2019,,,0.56,,,,,,,,,,,,,
1/6/2019,,,0,0,,,,,,,,,,,,
1/7/2019,,,0,0,,,,,,,,,,,,
1/8/2019,,,0,,,,,,,,,,,,,
1/9/2019,,,0,0,,,,,,,,,,,,
1/10/2019,,,0,0,,,,,,,,,,,,
1/11/2019,,,0,0,,,,,,,,,,,,
1/12/2019,,,0,0,,,,,,,,,,,,
1/13/2019,,,0.68,,,,,,,,,,,,,
1/14/2019,,,0,,,,,,,,,,,,,
1/15/2019,,,0,,,,,,,,,,,,,
1/18/2019,,,0.09,,,,,,,,,,,,,
1/19/2019,,,0.01,,,,,,,,,,,,,
1/20/2019,,,1.14,,,,,,,,,,,,,
1/24/2019,,,1.8,,,,,,,,,,,,,
7/30/2018,,,0,0,,,,,,,,,,,,
7/31/2018,,,0,0,,,,,,,,,,,,
8/1/2018,,,0.87,,,,,,,,,,,,,
8/2/2018,,,1.19,,,,,,,,,,,,,
8/3/2018,,,1.17,,,,,,,,,,,,,
8/4/2018,,,0.01,,,,,,,,,,,,,
8/5/2018,,,0,0,,,,,,,,,,,,
8/6/2018,,,0.04,,,,,,,,,,,,,
8/7/2018,,,0,0,,,,,,,,,,,,
8/8/2018,,,0,0,,,,,,,,,,,,
8/9/2018,,,0.52,,,,,,,,,,,,,
8/10/2018,,,0.9,,,,,,,,,,,,,
8/11/2018,,,0,0,,,,,,,,,,,,
8/12/2018,,,0,0,,,,,,,,,,,,
8/13/2018,,,0,0,,,,,,,,,,,,
8/14/2018,,,0,0,,,,,,,,,,,,
8/15/2018,,,0,0,,,,,,,,,,,,
8/16/2018,,,0,0,,,,,,,,,,,,
8/17/2018,,,0,0,,,,,,,,,,,,
8/18/2018,,,0,0,,,,,,,,,,,,
8/22/2018,,,0.39,,,,,,,,,,,,,
8/23/2018,,,0,0,,,,,,,,,,,,
8/24/2018,,,0,0,,,,,,,,,,,,
8/25/2018,,,0,0,,,,,,,,,,,,
8/26/2018,,,0,0,,,,,,,,,,,,
8/27/2018,,,0,0,,,,,,,,,,,,
8/28/2018,,,0,0,,,,,,,,,,,,
8/29/2018,,,0,0,,,,,,,,,,,,
8/30/2018,,,0,0,,,,,,,,,,,,
8/31/2018,,,0,0,,,,,,,,,,,,
9/1/2018,,,0,0,,,,,,,,,,,,
9/2/2018,,,0,0,,,,,,,,,,,,
9/3/2018,,,0,0,,,,,,,,,,,,
9/4/2018,,,0,0,,,,,,,,,,,,
9/5/2018,,,0,0,,,,,,,,,,,,
9/6/2018,,,0,0,,,,,,,,,,,,
9/7/2018,,,0,0,,,,,,,,,,,,
9/8/2018,,,0,0,,,,,,,,,,,,
9/9/2018,,,0,0,,,,,,,,,,,,
9/10/2018,,,0.01,,,,,,,,,,,,,
9/11/2018,,,0.41,,,,,,,,,,,,,
9/12/2018,,,0,0,,,,,,,,,,,,
9/13/2018,,,0,0,,,,,,,,,,,,
9/14/2018,,,0.01,,,,,,,,,,,,,
9/15/2018,,,0,0,,,,,,,,,,,,
9/16/2018,,,0,0,,,,,,,,,,,,
9/17/2018,,,0.05,,,,,,,,,,,,,
9/18/2018,,,0,0,,,,,,,,,,,,
9/19/2018,,,0,0,,,,,,,,,,,,
9/20/2018,,,0,0,,,,,,,,,,,,
9/21/2018,,,0,0,,,,,,,,,,,,
9/22/2018,,,0,0,,,,,,,,,,,,
9/23/2018,,,0,0,,,,,,,,,,,,
9/24/2018,,,0,0,,,,,,,,,,,,
9/25/2018,,,0.04,,,,,,,,,,,,,
9/26/2018,,,0.01,,,,,,,,,,,,,
9/27/2018,,,0.63,,,,,,,,,,,,,
9/28/2018,,,0.22,,,,,,,,,,,,,
9/29/2018,,,0.15,,,,,,,,,,,,,
9/30/2018,,,0,0,,,,,,,,,,,,
10/1/2018,,,0,0,,,,,,,,,,,,
10/2/2018,,,0,0,,,,,,,,,,,,
10/3/2018,,,0,0,,,,,,,,,,,,
10/4/2018,,,0,0,,,,,,,,,,,,
10/5/2018,,,0,0,,,,,,,,,,,,
10/6/2018,,,0,0,,,,,,,,,,,,
10/7/2018,,,0,0,,,,,,,,,,,,
10/8/2018,,,0,0,,,,,,,,,,,,
10/9/2018,,,0.01,,,,,,,,,,,,,
10/10/2018,,,0.11,,,,,,,,,,,,,
10/11/2018,,,0,0,,,,,,,,,,,,
10/12/2018,,,0,0,,,,,,,,,,,,
10/13/2018,,,0,0,,,,,,,,,,,,
10/14/2018,,,0,0,,,,,,,,,,,,
10/15/2018,,,0,0,,,,,,,,,,,,
10/16/2018,,,0,0,,,,,,,,,,,,
10/17/2018,,,0,0,,,,,,,,,,,,
10/18/2018,,,0,0,,,,,,,,,,,,
10/19/2018,,,0,0,,,,,,,,,,,,
10/20/2018,,,0,0,,,,,,,,,,,,
10/21/2018,,,0,0,,,,,,,,,,,,
10/22/2018,,,0,0,,,,,,,,,,,,
10/23/2018,,,0,0,,,,,,,,,,,,
10/24/2018,,,0,0,,,,,,,,,,,,
10/25/2018,,,0,0,,,,,,,,,,,,
10/26/2018,,,0.94,,,,,,,,,,,,,
10/27/2018,,,0.43,,,,,,,,,,,,,
10/28/2018,,,0,0,,,,,,,,,,,,
10/29/2018,,,0,0,,,,,,,,,,,,
10/30/2018,,,0,0,,,,,,,,,,,,
10/31/2018,,,0,0,,,,,,,,,,,,
11/1/2018,,,0,0,,,,,,,,,,,,
11/2/2018,,,0.65,,,,,,,,,,,,,
11/3/2018,,,0,0,,,,,,,,,,,,
11/4/2018,,,0,0,,,,,,,,,,,,
11/5/2018,,,0.21,,,,,,,,,,,,,
11/6/2018,,,0.12,,,,,,,,,,,,,
11/7/2018,,,0.2,,,,,,,,,,,,,
11/8/2018,,,0.49,,,,,,,,,,,,,
11/9/2018,,,0.47,,,,,,,,,,,,,
11/10/2018,,,0.42,,,,,,,,,,,,,
11/11/2018,,,0,0,,,,,,,,,,,,
11/12/2018,,,0.41,,,,,,,,,,,,,
11/13/2018,,,3.41,,,,,,,,,,,,,
11/14/2018,,,0.2,,,,,,,,,,,,,
11/15/2018,,,1.61,,,,,,,,,,,,,
11/16/2018,,,0.02,,,,,,,,,,,,,
11/17/2018,,,0.01,,,,,,,,,,,,,
11/18/2018,,,0,0,,,,,,,,,,,,
11/19/2018,,,0,0,,,,,,,,,,,,
11/20/2018,,,0,0,,,,,,,,,,,,
11/21/2018,,,0,0,,,,,,,,,,,,
11/22/2018,,,0,0,,,,,,,,,,,,
11/23/2018,,,0,0,,,,,,,,,,,,
11/30/2018,,,0.03,,,,,,,,,,,,,
12/8/2018,,,0.59,,,,,,,,,,,,,
12/9/2018,,,2.73,,,,,,,,,,,,,
12/10/2018,,,0.08,,,,,,,,,,,,,
12/11/2018,,,0.16,,,,,,,,,,,,,
12/14/2018,,,0.13,,,,,,,,,,,,,
12/15/2018,,,0.67,,,,,,,,,,,,,
12/16/2018,,,0.03,,,,,,,,,,,,,
12/17/2018,,,0.02,,,,,,,,,,,,,
12/20/2018,,,0.28,,,,,,,,,,,,,
12/21/2018,,,1.49,,,,,,,,,,,,,
12/28/2018,,,4.41,,,,,,,,,,,,,
12/29/2018,,,0.58,,,,,,,,,,,,,
12/30/2018,,,0.9,,,,,,,,,,,,,
12/31/2018,,,0.15,,,,,,,,,,,,,
1/1/2019,,,0.22,,,,,,,,,,,,,
1/2/2019,,,0.09,,,,,,,,,,,,,
1/4/2019,,,1.07,,,,,,,,,,,,,
1/5/2019,,,0,0,,,,,,,,,,,,
1/9/2019,,,0.02,,,,,,,,,,,,,
1/13/2019,,,0.6,,,,,,,,,,,,,
1/14/2019,,,0.01,,,,,,,,,,,,,
1/18/2019,,,0.19,,,,,,,,,,,,,
1/19/2019,,,0.01,,,,,,,,,,,,,
1/20/2019,,,0.96,,,,,,,,,,,,,
1/24/2019,,,1.87,,,,,,,,,,,,,
7/31/2018,,,0,,,,,,,,,,,,,
8/1/2018,,,0.81,,,,,,,,,,,,,
8/2/2018,,,1.25,,,,,,,,,,,,,
8/3/2018,,,0.99,,,,,,,,,,,,,
8/5/2018,,,0.04,,,,,,,,,,,,,
8/17/2018,,,0,,,,,,,,,,,,,
8/18/2018,,,0.03,,,,,,,,,,,,,
8/19/2018,,,0.29,,,,,,,,,,,,,
8/20/2018,,,0,,,,,,,,,,,,,
8/21/2018,,,0.48,,,,,,,,,,,,,
8/22/2018,,,0.19,,,,,,,,,,,,,
8/23/2018,,,0,,,,,,,,,,,,,
8/24/2018,,,0,,,,,,,,,,,,,
8/25/2018,,,0,,,,,,,,,,,,,
8/26/2018,,,0,,,,,,,,,,,,,
8/27/2018,,,0,,,,,,,,,,,,,
8/28/2018,,,0,,,,,,,,,,,,,
8/29/2018,,,0,,,,,,,,,,,,,
8/30/2018,,,0.07,,,,,,,,,,,,,
8/31/2018,,,0,,,,,,,,,,,,,
9/1/2018,,,0,,,,,,,,,,,,,
9/2/2018,,,0,,,,,,,,,,,,,
9/3/2018,,,0.01,,,,,,,,,,,,,
9/4/2018,,,0,,,,,,,,,,,,,
9/5/2018,,,0,,,,,,,,,,,,,
9/6/2018,,,0,,,,,,,,,,,,,
9/7/2018,,,0,,,,,,,,,,,,,
9/8/2018,,,0.16,,,,,,,,,,,,,
9/9/2018,,,0,,,,,,,,,,,,,
9/10/2018,,,0,,,,,,,,,,,,,
9/11/2018,,,0.93,,,,,,,,,,,,,
9/12/2018,,,0,,,,,,,,,,,,,
9/13/2018,,,0,,,,,,,,,,,,,
9/14/2018,,,0,,,,,,,,,,,,,
9/15/2018,,,0,,,,,,,,,,,,,
9/16/2018,,,0.03,,,,,,,,,,,,,
9/17/2018,,,0.12,,,,,,,,,,,,,
9/18/2018,,,0,,,,,,,,,,,,,
9/19/2018,,,0,,,,,,,,,,,,,
9/20/2018,,,0,,,,,,,,,,,,,
9/21/2018,,,0,,,,,,,,,,,,,
9/22/2018,,,0,,,,,,,,,,,,,
9/23/2018,,,0,,,,,,,,,,,,,
9/24/2018,,,0,,,,,,,,,,,,,
9/25/2018,,,0.05,,,,,,,,,,,,,
9/27/2018,,,0.24,,,,,,,,,,,,,
9/28/2018,,,0.2,,,,,,,,,,,,,
9/29/2018,,,0,,,,,,,,,,,,,
9/30/2018,,,0,,,,,,,,,,,,,
10/1/2018,,,0.01,,,,,,,,,,,,,
10/2/2018,,,0,,,,,,,,,,,,,
10/4/2018,,,0,,,,,,,,,,,,,
10/5/2018,,,0,,,,,,,,,,,,,
10/6/2018,,,0,,,,,,,,,,,,,
10/7/2018,,,0,,,,,,,,,,,,,
10/8/2018,,,0,,,,,,,,,,,,,
10/9/2018,,,0.01,,,,,,,,,,,,,
10/10/2018,,,0.1,,,,,,,,,,,,,
10/11/2018,,,2.76,,,,,,,,,,,,,
10/15/2018,,,0,,,,,,,,,,,,,
10/16/2018,,,0,,,,,,,,,,,,,
10/17/2018,,,0,,,,,,,,,,,,,
10/18/2018,,,0,,,,,,,,,,,,,
10/19/2018,,,0,,,,,,,,,,,,,
10/20/2018,,,0,,,,,,,,,,,,,
10/21/2018,,,0,,,,,,,,,,,,,
10/22/2018,,,0,,,,,,,,,,,,,
10/23/2018,,,0,,,,,,,,,,,,,
10/24/2018,,,0,,,,,,,,,,,,,
10/25/2018,,,0,,,,,,,,,,,,,
10/26/2018,,,0.95,,,,,,,,,,,,,
10/27/2018,,,0.42,,,,,,,,,,,,,
10/28/2018,,,0,,,,,,,,,,,,,
10/29/2018,,,0,,,,,,,,,,,,,
10/30/2018,,,0,,,,,,,,,,,,,
10/31/2018,,,0,,,,,,,,,,,,,
11/2/2018,,,0.56,,,,,,,,,,,,,
11/3/2018,,,0.02,,,,,,,,,,,,,
11/4/2018,,,0,,,,,,,,,,,,,
11/5/2018,,,0.18,,,,,,,,,,,,,
11/6/2018,,,0.26,,,,,,,,,,,,,
11/7/2018,,,0.31,,,,,,,,,,,,,
11/8/2018,,,0.48,,,,,,,,,,,,,
11/9/2018,,,1.04,,,,,,,,,,,,,
11/10/2018,,,0.6,,,,,,,,,,,,,
11/11/2018,,,0.01,,,,,,,,,,,,,
11/12/2018,,,0.27,,,,,,,,,,,,,
11/13/2018,,,3.25,,,,,,,,,,,,,
11/14/2018,,,0.17,,,,,,,,,,,,,
11/15/2018,,,1.51,,,,,,,,,,,,,
11/16/2018,,,0.02,,,,,,,,,,,,,
11/17/2018,,,0,,,,,,,,,,,,,
11/18/2018,,,0,,,,,,,,,,,,,
11/19/2018,,,0,,,,,,,,,,,,,
11/20/2018,,,0,,,,,,,,,,,,,
11/21/2018,,,0,,,,,,,,,,,,,
11/22/2018,,,0,,,,,,,,,,,,,
11/23/2018,,,0,,,,,,,,,,,,,
11/24/2018,,,0.49,,,,,,,,,,,,,
11/25/2018,,,0.01,,,,,,,,,,,,,
11/26/2018,,,0.08,,,,,,,,,,,,,
11/27/2018,,,0,,,,,,,,,,,,,
11/28/2018,,,0,,,,,,,,,,,,,
11/29/2018,,,0,,,,,,,,,,,,,
12/4/2018,,,0,,,,,,,,,,,,,
12/5/2018,,,0,,,,,,,,,,,,,
12/6/2018,,,0,,,,,,,,,,,,,
12/7/2018,,,0,,,,,,,,,,,,,
12/8/2018,,,0.48,,,,,,,,,,,,,
12/9/2018,,,2.63,,,,,,,,,,,,,
12/11/2018,,,0.1,,,,,,,,,,,,,
12/12/2018,,,0,,,,,,,,,,,,,
12/14/2018,,,0.15,,,,,,,,,,,,,
12/15/2018,,,0.64,,,,,,,,,,,,,
12/16/2018,,,0.02,,,,,,,,,,,,,
12/17/2018,,,0,,,,,,,,,,,,,
12/18/2018,,,0,,,,,,,,,,,,,
12/19/2018,,,0,,,,,,,,,,,,,
12/20/2018,,,0.41,,,,,,,,,,,,,
12/21/2018,,,1.37,,,,,,,,,,,,,
12/22/2018,,,0.11,,,,,,,,,,,,,
12/26/2018,,,0,,,,,,,,,,,,,
12/27/2018,,,0,,,,,,,,,,,,,
12/28/2018,,,3.76,,,,,,,,,,,,,
1/3/2019,,,0.7,,,,,,,,,,,,,
1/4/2019,,,0.06,,,,,,,,,,,,,
1/5/2019,,,0,,,,,,,,,,,,,
1/6/2019,,,0,,,,,,,,,,,,,
1/7/2019,,,0,,,,,,,,,,,,,
1/8/2019,,,0.01,,,,,,,,,,,,,
1/9/2019,,,0,,,,,,,,,,,,,
1/10/2019,,,0,,,,,,,,,,,,,
1/11/2019,,,0,,,,,,,,,,,,,
1/12/2019,,,0,,,,,,,,,,,,,
1/13/2019,,,0.54,,,,,,,,,,,,,
1/14/2019,,,0.01,,,,,,,,,,,,,
1/15/2019,,,0,,,,,,,,,,,,,
1/16/2019,,,0,,,,,,,,,,,,,
1/17/2019,,,0,,,,,,,,,,,,,
1/18/2019,,,0.18,,,,,,,,,,,,,
1/19/2019,,,0,,,,,,,,,,,,,
1/20/2019,,,0.91,,,,,,,,,,,,,
1/21/2019,,,0,,,,,,,,,,,,,
1/22/2019,,,0,,,,,,,,,,,,,
1/23/2019,,,0,,,,,,,,,,,,,
1/24/2019,,,1.68,,,,,,,,,,,,,
1/25/2019,,,0,,,,,,,,,,,,,
1/26/2019,,,0,,,,,,,,,,,,,
1/27/2019,,,0,,,,,,,,,,,,,
7/31/2018,,,0.22,,,,,,,,,,,,,
8/1/2018,,,1.74,,,,,,,,,,,,,
8/2/2018,,,0.77,,,,,,,,,,,,,
8/3/2018,,,1.33,,,,,,,,,,,,,
8/5/2018,,,0.19,,,,,,,,,,,,,
8/9/2018,,,0.02,,,,,,,,,,,,,
8/10/2018,,,0.14,,,,,,,,,,,,,
8/19/2018,,,0.1,,,,,,,,,,,,,
8/21/2018,,,0.55,,,,,,,,,,,,,
8/22/2018,,,0.17,,,,,,,,,,,,,
9/8/2018,,,0.4,,,,,,,,,,,,,
9/10/2018,,,0.22,,,,,,,,,,,,,
9/11/2018,,,0.25,,,,,,,,,,,,,
9/13/2018,,,0.11,,,,,,,,,,,,,
9/14/2018,,,0.25,,,,,,,,,,,,,
9/16/2018,,,0.17,,,,,,,,,,,,,
9/17/2018,,,0.03,,,,,,,,,,,,,
9/25/2018,,,0.09,,,,,,,,,,,,,
9/27/2018,,,0.28,,,,,,,,,,,,,
9/28/2018,,,0.3,,,,,,,,,,,,,
9/29/2018,,,0.04,,,,,,,,,,,,,
10/9/2018,,,0.02,,,,,,,,,,,,,
10/10/2018,,,0.04,,,,,,,,,,,,,
10/11/2018,,,4.03,,,,,,,,,,,,,
10/26/2018,,,0.98,,,,,,,,,,,,,
10/27/2018,,,0.08,,,,,,,,,,,,,
11/2/2018,,,0.52,,,,,,,,,,,,,
11/5/2018,,,0.2,,,,,,,,,,,,,
11/6/2018,,,0.48,,,,,,,,,,,,,
11/8/2018,,,0.45,,,,,,,,,,,,,
11/9/2018,,,1.22,,,,,,,,,,,,,
11/10/2018,,,0.36,,,,,,,,,,,,,
11/12/2018,,,0.32,,,,,,,,,,,,,
11/13/2018,,,3.56,,,,,,,,,,,,,
11/14/2018,,,0.14,,,,,,,,,,,,,
11/15/2018,,,1.28,,,,,,,,,,,,,
11/16/2018,,,0.03,,,,,,,,,,,,,
11/24/2018,,,0.48,,,,,,,,,,,,,
11/25/2018,,,0.01,,,,,,,,,,,,,
11/26/2018,,,0.07,,,,,,,,,,,,,
11/30/2018,,,0.01,,,,,,,,,,,,,
12/1/2018,,,0.43,,,,,,,,,,,,,
12/2/2018,,,1.43,,,,,,,,,,,,,
12/9/2018,,,2.62,,,,,,,,,,,,,
12/10/2018,,,0.06,,,,,,,,,,,,,
12/11/2018,,,0.16,,,,,,,,,,,,,
12/14/2018,,,0.11,,,,,,,,,,,,,
12/15/2018,,,0.29,,,,,,,,,,,,,
12/16/2018,,,0.04,,,,,,,,,,,,,
12/20/2018,,,0.1,,,,,,,,,,,,,
12/21/2018,,,1.46,,,,,,,,,,,,,
12/22/2018,,,0.14,,,,,,,,,,,,,
12/24/2018,,,0.05,,,,,,,,,,,,,
12/28/2018,,,3.07,,,,,,,,,,,,,
12/29/2018,,,0.39,,,,,,,,,,,,,
12/30/2018,,,1.05,,,,,,,,,,,,,
12/31/2018,,,0.1,,,,,,,,,,,,,
1/1/2019,,,0.33,,,,,,,,,,,,,
1/2/2019,,,0.07,,,,,,,,,,,,,
1/3/2019,,,0.68,,,,,,,,,,,,,
1/4/2019,,,1.05,,,,,,,,,,,,,
1/5/2019,,,0.04,,,,,,,,,,,,,
1/13/2019,,,0.42,,,,,,,,,,,,,
1/18/2019,,,0.22,,,,,,,,,,,,,
1/20/2019,,,1,,,,,,,,,,,,,
1/24/2019,,,1.81,,,,,,,,,,,,,
7/30/2018,,,0,0,,,,,,,,,,,,
7/31/2018,,,0.11,,,,,,,,,,,,,
8/1/2018,,,1.12,,,,,,,,,,,,,
8/2/2018,,,0.61,,,,,,,,,,,,,
8/3/2018,,,1.39,,,,,,,,,,,,,
8/4/2018,,,0,0,,,,,,,,,,,,
8/5/2018,,,0,0,,,,,,,,,,,,
8/6/2018,,,0,0,,,,,,,,,,,,
8/7/2018,,,0,,,,,,,,,,,,,
8/8/2018,,,0,,,,,,,,,,,,,
8/9/2018,,,0.04,,,,,,,,,,,,,
8/10/2018,,,0.18,,,,,,,,,,,,,
8/11/2018,,,0,0,,,,,,,,,,,,
8/12/2018,,,0,0,,,,,,,,,,,,
8/13/2018,,,0,0,,,,,,,,,,,,
8/14/2018,,,0,0,,,,,,,,,,,,
8/15/2018,,,0,0,,,,,,,,,,,,
8/16/2018,,,0,0,,,,,,,,,,,,
8/17/2018,,,0,,,,,,,,,,,,,
8/18/2018,,,0,0,,,,,,,,,,,,
8/19/2018,,,0.06,,,,,,,,,,,,,
8/20/2018,,,0.04,,,,,,,,,,,,,
8/21/2018,,,0.21,,,,,,,,,,,,,
8/22/2018,,,0.16,,,,,,,,,,,,,
8/23/2018,,,0,0,,,,,,,,,,,,
8/24/2018,,,0,0,,,,,,,,,,,,
8/25/2018,,,0,0,,,,,,,,,,,,
8/26/2018,,,0,0,,,,,,,,,,,,
8/27/2018,,,0,,,,,,,,,,,,,
8/28/2018,,,0,,,,,,,,,,,,,
8/29/2018,,,0,,,,,,,,,,,,,
8/30/2018,,,0,,,,,,,,,,,,,
8/31/2018,,,0,,,,,,,,,,,,,
9/1/2018,,,0,,,,,,,,,,,,,
9/2/2018,,,0,,,,,,,,,,,,,
9/3/2018,,,0,,,,,,,,,,,,,
9/4/2018,,,0,,,,,,,,,,,,,
9/5/2018,,,0,,,,,,,,,,,,,
9/6/2018,,,0,0,,,,,,,,,,,,
9/7/2018,,,0,0,,,,,,,,,,,,
9/8/2018,,,0,0,,,,,,,,,,,,
9/9/2018,,,0,0,,,,,,,,,,,,
9/10/2018,,,0.07,,,,,,,,,,,,,
9/11/2018,,,0,0,,,,,,,,,,,,
9/12/2018,,,0,0,,,,,,,,,,,,
9/13/2018,,,0,,,,,,,,,,,,,
9/14/2018,,,0.01,0,,,,,,,,,,,,
9/15/2018,,,0,0,,,,,,,,,,,,
9/16/2018,,,0.08,,,,,,,,,,,,,
9/17/2018,,,0.03,,,,,,,,,,,,,
9/18/2018,,,0,0,,,,,,,,,,,,
9/19/2018,,,0,0,,,,,,,,,,,,
9/20/2018,,,0,0,,,,,,,,,,,,
9/21/2018,,,0,0,,,,,,,,,,,,
9/22/2018,,,0,0,,,,,,,,,,,,
9/23/2018,,,0,0,,,,,,,,,,,,
9/24/2018,,,0,0,,,,,,,,,,,,
9/25/2018,,,0,0,,,,,,,,,,,,
9/26/2018,,,0,0,,,,,,,,,,,,
9/27/2018,,,0.14,,,,,,,,,,,,,
9/28/2018,,,0.21,,,,,,,,,,,,,
9/29/2018,,,0,0,,,,,,,,,,,,
9/30/2018,,,0,0,,,,,,,,,,,,
10/1/2018,,,0,0,,,,,,,,,,,,
10/2/2018,,,0,0,,,,,,,,,,,,
10/3/2018,,,0,0,,,,,,,,,,,,
10/4/2018,,,0,0,,,,,,,,,,,,
10/5/2018,,,0,0,,,,,,,,,,,,
10/6/2018,,,0,0,,,,,,,,,,,,
10/7/2018,,,0,0,,,,,,,,,,,,
10/8/2018,,,0,0,,,,,,,,,,,,
10/9/2018,,,0,,,,,,,,,,,,,
10/10/2018,,,0.03,,,,,,,,,,,,,
10/11/2018,,,4.17,,,,,,,,,,,,,
10/12/2018,,,0,0,,,,,,,,,,,,
10/13/2018,,,0,0,,,,,,,,,,,,
10/14/2018,,,0,0,,,,,,,,,,,,
10/15/2018,,,0,0,,,,,,,,,,,,
10/16/2018,,,0,0,,,,,,,,,,,,
10/17/2018,,,0,0,,,,,,,,,,,,
10/18/2018,,,0,0,,,,,,,,,,,,
10/19/2018,,,0,0,,,,,,,,,,,,
10/20/2018,,,0.01,,,,,,,,,,,,,
10/21/2018,,,0.01,,,,,,,,,,,,,
10/22/2018,,,0,0,,,,,,,,,,,,
10/23/2018,,,0,0,,,,,,,,,,,,
10/24/2018,,,0,0,,,,,,,,,,,,
10/25/2018,,,0,0,,,,,,,,,,,,
10/26/2018,,,0.95,,,,,,,,,,,,,
10/27/2018,,,0.38,,,,,,,,,,,,,
10/28/2018,,,0,0,,,,,,,,,,,,
10/29/2018,,,0,0,,,,,,,,,,,,
10/30/2018,,,0,0,,,,,,,,,,,,
10/31/2018,,,0,0,,,,,,,,,,,,
11/1/2018,,,0,0,,,,,,,,,,,,
11/2/2018,,,0.5,,,,,,,,,,,,,
11/3/2018,,,0,0,,,,,,,,,,,,
11/4/2018,,,0,0,,,,,,,,,,,,
11/5/2018,,,0.21,,,,,,,,,,,,,
11/6/2018,,,0.1,,,,,,,,,,,,,
11/7/2018,,,0.21,,,,,,,,,,,,,
11/8/2018,,,0.47,,,,,,,,,,,,,
11/9/2018,,,0.57,,,,,,,,,,,,,
11/10/2018,,,0.41,,,,,,,,,,,,,
11/11/2018,,,0,0,,,,,,,,,,,,
11/12/2018,,,0.27,,,,,,,,,,,,,
11/13/2018,,,3.22,,,,,,,,,,,,,
11/14/2018,,,0.14,,,,,,,,,,,,,
11/15/2018,,,1.32,,,,,,,,,,,,,
11/16/2018,,,0.07,,,,,,,,,,,,,
11/17/2018,,,0,0,,,,,,,,,,,,
11/18/2018,,,0,0,,,,,,,,,,,,
11/19/2018,,,0,0,,,,,,,,,,,,
11/20/2018,,,0,0,,,,,,,,,,,,
11/21/2018,,,0,0,,,,,,,,,,,,
11/22/2018,,,0,0,,,,,,,,,,,,
11/24/2018,,,0.33,,,,,,,,,,,,,
11/25/2018,,,0.01,,,,,,,,,,,,,
11/26/2018,,,0.07,,,,,,,,,,,,,
11/27/2018,,,0,0,,,,,,,,,,,,
11/28/2018,,,0,0,,,,,,,,,,,,
11/29/2018,,,0,0,,,,,,,,,,,,
11/30/2018,,,0.06,,,,,,,,,,,,,
12/1/2018,,,0.21,,,,,,,,,,,,,
12/2/2018,,,1.98,,,,,,,,,,,,,
12/3/2018,,,0,0,,,,,,,,,,,,
12/4/2018,,,0,0,,,,,,,,,,,,
12/5/2018,,,0,0,,,,,,,,,,,,
12/6/2018,,,0,0,,,,,,,,,,,,
12/7/2018,,,0,0,,,,,,,,,,,,
12/8/2018,,,0.26,,,,,,,,,,,,,
12/9/2018,,,2.6,,,,,,,,,,,,,
12/10/2018,,,0.07,,,,,,,,,,,,,
12/11/2018,,,0,0,,,,,,,,,,,,
12/12/2018,,,0,0,,,,,,,,,,,,
12/13/2018,,,0,0,,,,,,,,,,,,
12/14/2018,,,0.14,,,,,,,,,,,,,
12/15/2018,,,0.26,,,,,,,,,,,,,
12/16/2018,,,0.04,,,,,,,,,,,,,
12/17/2018,,,0,0,,,,,,,,,,,,
12/18/2018,,,0,0,,,,,,,,,,,,
12/19/2018,,,0,0,,,,,,,,,,,,
12/20/2018,,,0.1,,,,,,,,,,,,,
12/21/2018,,,1.07,,,,,,,,,,,,,
12/22/2018,,,0.11,,,,,,,,,,,,,
12/23/2018,,,0,0,,,,,,,,,,,,
12/24/2018,,,0,0,,,,,,,,,,,,
12/25/2018,,,0,,,,,,,,,,,,,
12/26/2018,,,0,0,,,,,,,,,,,,
12/27/2018,,,0,0,,,,,,,,,,,,
12/28/2018,,,3.47,,,,,,,,,,,,,
12/29/2018,,,0.37,,,,,,,,,,,,,
12/30/2018,,,0.9,,,,,,,,,,,,,
12/31/2018,,,0.12,,,,,,,,,,,,,
1/1/2019,,,0.33,,,,,,,,,,,,,
1/2/2019,,,0.03,,,,,,,,,,,,,
1/3/2019,,,0.72,,,,,,,,,,,,,
1/4/2019,,,0.81,,,,,,,,,,,,,
1/5/2019,,,0.06,,,,,,,,,,,,,
1/6/2019,,,0,0,,,,,,,,,,,,
1/7/2019,,,0,0,,,,,,,,,,,,
1/8/2019,,,0,0,,,,,,,,,,,,
1/9/2019,,,0.01,,,,,,,,,,,,,
1/10/2019,,,0,0,,,,,,,,,,,,
1/11/2019,,,0,0,,,,,,,,,,,,
1/12/2019,,,0,0,,,,,,,,,,,,
1/13/2019,,,0.43,,,,,,,,,,,,,
1/14/2019,,,0.02,,,,,,,,,,,,,
1/15/2019,,,0,0,,,,,,,,,,,,
1/16/2019,,,0,0,,,,,,,,,,,,
1/17/2019,,,0,0,,,,,,,,,,,,
1/18/2019,,,0.19,,,,,,,,,,,,,
1/19/2019,,,0,,,,,,,,,,,,,
1/20/2019,,,0.92,,,,,,,,,,,,,
1/21/2019,,,0,0,,,,,,,,,,,,
1/22/2019,,,0,0,,,,,,,,,,,,
1/23/2019,,,0,0,,,,,,,,,,,,
1/24/2019,,,1.91,,,,,,,,,,,,,
1/25/2019,,,0,,,,,,,,,,,,,
1/26/2019,,,0,0,,,,,,,,,,,,
1/27/2019,,,0,0,,,,,,,,,,,,
7/30/2018,,,0,0,,,,,,,,,,,,
7/31/2018,,,0,,,,,,,,,,,,,
8/1/2018,,,0.79,,,,,,,,,,,,,
8/2/2018,,,1.09,,,,,,,,,,,,,
8/3/2018,,,2.19,,,,,,,,,,,,,
8/4/2018,,,0,0,,,,,,,,,,,,
8/5/2018,,,0,0,,,,,,,,,,,,
8/6/2018,,,0.11,,,,,,,,,,,,,
8/7/2018,,,0,0,,,,,,,,,,,,
8/8/2018,,,0.27,,,,,,,,,,,,,
8/9/2018,,,0.11,,,,,,,,,,,,,
8/10/2018,,,1.46,,,,,,,,,,,,,
8/11/2018,,,0,,,,,,,,,,,,,
8/12/2018,,,0,0,,,,,,,,,,,,
8/13/2018,,,0,0,,,,,,,,,,,,
8/14/2018,,,0,0,,,,,,,,,,,,
8/15/2018,,,0,0,,,,,,,,,,,,
8/16/2018,,,0,0,,,,,,,,,,,,
8/17/2018,,,0.01,,,,,,,,,,,,,
8/18/2018,,,0.32,,,,,,,,,,,,,
8/22/2018,,,0.03,,,,,,,,,,,,,
8/23/2018,,,0,0,,,,,,,,,,,,
8/24/2018,,,0,0,,,,,,,,,,,,
8/25/2018,,,0,0,,,,,,,,,,,,
8/26/2018,,,0,0,,,,,,,,,,,,
8/27/2018,,,0,0,,,,,,,,,,,,
8/28/2018,,,0,0,,,,,,,,,,,,
8/29/2018,,,0,,,,,,,,,,,,,
8/30/2018,,,0.52,,,,,,,,,,,,,
8/31/2018,,,0,,,,,,,,,,,,,
9/1/2018,,,0,,,,,,,,,,,,,
9/2/2018,,,0,0,,,,,,,,,,,,
9/3/2018,,,0,0,,,,,,,,,,,,
9/4/2018,,,0,0,,,,,,,,,,,,
9/5/2018,,,0,0,,,,,,,,,,,,
9/6/2018,,,0,0,,,,,,,,,,,,
9/7/2018,,,0,0,,,,,,,,,,,,
9/8/2018,,,0.03,,,,,,,,,,,,,
9/9/2018,,,0,0,,,,,,,,,,,,
9/10/2018,,,0,0,,,,,,,,,,,,
9/11/2018,,,0,0,,,,,,,,,,,,
9/12/2018,,,0.04,,,,,,,,,,,,,
9/13/2018,,,0.21,,,,,,,,,,,,,
9/14/2018,,,0,,,,,,,,,,,,,
9/15/2018,,,0,0,,,,,,,,,,,,
9/16/2018,,,0,0,,,,,,,,,,,,
9/17/2018,,,0,0,,,,,,,,,,,,
9/18/2018,,,0,0,,,,,,,,,,,,
9/19/2018,,,0,0,,,,,,,,,,,,
9/20/2018,,,0,0,,,,,,,,,,,,
9/21/2018,,,0,0,,,,,,,,,,,,
9/22/2018,,,0,0,,,,,,,,,,,,
9/23/2018,,,0,0,,,,,,,,,,,,
9/24/2018,,,0,0,,,,,,,,,,,,
9/25/2018,,,0,0,,,,,,,,,,,,
9/26/2018,,,0.07,,,,,,,,,,,,,
9/27/2018,,,0.77,,,,,,,,,,,,,
9/28/2018,,,0.97,,,,,,,,,,,,,
9/29/2018,,,0.02,,,,,,,,,,,,,
9/30/2018,,,0.01,,,,,,,,,,,,,
10/1/2018,,,0,0,,,,,,,,,,,,
10/2/2018,,,0,0,,,,,,,,,,,,
10/3/2018,,,0,0,,,,,,,,,,,,
10/4/2018,,,0,0,,,,,,,,,,,,
10/5/2018,,,0,0,,,,,,,,,,,,
10/6/2018,,,0,0,,,,,,,,,,,,
10/7/2018,,,0,0,,,,,,,,,,,,
10/8/2018,,,0,0,,,,,,,,,,,,
10/9/2018,,,0,0,,,,,,,,,,,,
10/10/2018,,,0.2,,,,,,,,,,,,,
10/11/2018,,,4.22,,,,,,,,,,,,,
10/12/2018,,,0,0,,,,,,,,,,,,
10/13/2018,,,0,0,,,,,,,,,,,,
10/14/2018,,,0,0,,,,,,,,,,,,
10/15/2018,,,0,0,,,,,,,,,,,,
10/16/2018,,,0,0,,,,,,,,,,,,
10/17/2018,,,0.02,,,,,,,,,,,,,
10/18/2018,,,0,0,,,,,,,,,,,,
10/19/2018,,,0,0,,,,,,,,,,,,
10/20/2018,,,0,0,,,,,,,,,,,,
10/21/2018,,,0.31,,,,,,,,,,,,,
10/22/2018,,,0,0,,,,,,,,,,,,
10/23/2018,,,0,0,,,,,,,,,,,,
10/24/2018,,,0,0,,,,,,,,,,,,
10/25/2018,,,0,0,,,,,,,,,,,,
10/26/2018,,,0.77,,,,,,,,,,,,,
10/27/2018,,,0.28,,,,,,,,,,,,,
10/28/2018,,,0,0,,,,,,,,,,,,
10/29/2018,,,0,0,,,,,,,,,,,,
10/30/2018,,,0,0,,,,,,,,,,,,
10/31/2018,,,0,0,,,,,,,,,,,,
11/1/2018,,,0,0,,,,,,,,,,,,
11/2/2018,,,0.64,,,,,,,,,,,,,
11/3/2018,,,0.04,,,,,,,,,,,,,
11/7/2018,,,0.1,,,,,,,,,,,,,
11/8/2018,,,0.64,,,,,,,,,,,,,
11/9/2018,,,0.67,,,,,,,,,,,,,
11/10/2018,,,0.08,,,,,,,,,,,,,
11/11/2018,,,0,0,,,,,,,,,,,,
11/14/2018,,,0.28,,,,,,,,,,,,,
11/15/2018,,,1.71,,,,,,,,,,,,,
11/16/2018,,,0.02,,,,,,,,,,,,,
11/17/2018,,,0,0,,,,,,,,,,,,
11/18/2018,,,0,0,,,,,,,,,,,,
11/19/2018,,,0,0,,,,,,,,,,,,
11/20/2018,,,0.02,,,,,,,,,,,,,
11/21/2018,,,0,0,,,,,,,,,,,,
11/22/2018,,,0,0,,,,,,,,,,,,
11/23/2018,,,0,0,,,,,,,,,,,,
11/28/2018,,,0,0,,,,,,,,,,,,
11/29/2018,,,0,0,,,,,,,,,,,,
11/30/2018,,,0.02,,,,,,,,,,,,,
12/1/2018,,,0.31,,,,,,,,,,,,,
12/2/2018,,,1.74,,,,,,,,,,,,,
12/3/2018,,,0,0,,,,,,,,,,,,
12/4/2018,,,0,0,,,,,,,,,,,,
12/5/2018,,,0,0,,,,,,,,,,,,
12/6/2018,,,0,0,,,,,,,,,,,,
12/7/2018,,,0,,,,,,,,,,,,,
12/8/2018,,,0.14,,,,,,,,,,,,,
12/12/2018,,,0,0,,,,,,,,,,,,
12/13/2018,,,0,0,,,,,,,,,,,,
12/14/2018,,,0.32,,,,,,,,,,,,,
12/15/2018,,,0.71,,,,,,,,,,,,,
12/16/2018,,,0.02,,,,,,,,,,,,,
12/17/2018,,,0,,,,,,,,,,,,,
12/18/2018,,,0,0,,,,,,,,,,,,
12/19/2018,,,0,0,,,,,,,,,,,,
12/20/2018,,,0.51,,,,,,,,,,,,,
12/21/2018,,,1.27,,,,,,,,,,,,,
12/22/2018,,,0.04,,,,,,,,,,,,,
12/23/2018,,,0,0,,,,,,,,,,,,
12/24/2018,,,0,0,,,,,,,,,,,,
12/25/2018,,,0,0,,,,,,,,,,,,
12/26/2018,,,0,0,,,,,,,,,,,,
12/27/2018,,,0,0,,,,,,,,,,,,
12/28/2018,,,2.39,,,,,,,,,,,,,
12/29/2018,,,0.55,,,,,,,,,,,,,
1/6/2019,,,0,0,,,,,,,,,,,,
1/7/2019,,,0,0,,,,,,,,,,,,
1/8/2019,,,0,0,,,,,,,,,,,,
1/9/2019,,,0,,,,,,,,,,,,,
1/15/2019,,,0,0,,,,,,,,,,,,
1/16/2019,,,0,0,,,,,,,,,,,,
1/17/2019,,,0,0,,,,,,,,,,,,
1/18/2019,,,0.11,0,,,,,,,,,,,,
1/19/2019,,,0,0,,,,,,,,,,,,
1/25/2019,,,0,0,,,,,,,,,,,,
1/26/2019,,,0,0,,,,,,,,,,,,
1/27/2019,,,0,0,,,,,,,,,,,,
7/30/2018,,,0,,,,,,,,,,,,,
7/31/2018,,,0,,,,,,,,,,,,,
8/1/2018,,,1.39,,,,,,,,,,,,,
8/2/2018,,,1.52,,,,,,,,,,,,,
8/3/2018,,,1.9,,,,,,,,,,,,,
8/4/2018,,,0,,,,,,,,,,,,,
8/5/2018,,,0,,,,,,,,,,,,,
8/6/2018,,,0,,,,,,,,,,,,,
8/7/2018,,,0,,,,,,,,,,,,,
8/8/2018,,,0.33,,,,,,,,,,,,,
8/9/2018,,,0.17,,,,,,,,,,,,,
8/10/2018,,,0.47,,,,,,,,,,,,,
8/11/2018,,,0,,,,,,,,,,,,,
8/12/2018,,,0,,,,,,,,,,,,,
8/13/2018,,,0.05,,,,,,,,,,,,,
8/14/2018,,,0,,,,,,,,,,,,,
8/15/2018,,,0,,,,,,,,,,,,,
8/16/2018,,,0,,,,,,,,,,,,,
8/17/2018,,,0,,,,,,,,,,,,,
8/18/2018,,,0.46,,,,,,,,,,,,,
8/19/2018,,,0.4,,,,,,,,,,,,,
8/20/2018,,,0.07,,,,,,,,,,,,,
8/21/2018,,,0.02,,,,,,,,,,,,,
8/22/2018,,,0.13,,,,,,,,,,,,,
8/23/2018,,,0,,,,,,,,,,,,,
8/24/2018,,,0,,,,,,,,,,,,,
8/25/2018,,,0,,,,,,,,,,,,,
8/26/2018,,,0,,,,,,,,,,,,,
8/27/2018,,,0,,,,,,,,,,,,,
8/28/2018,,,0,,,,,,,,,,,,,
8/29/2018,,,0,,,,,,,,,,,,,
8/30/2018,,,0.21,,,,,,,,,,,,,
8/31/2018,,,0,,,,,,,,,,,,,
9/1/2018,,,0,,,,,,,,,,,,,
9/2/2018,,,0,,,,,,,,,,,,,
9/3/2018,,,0,,,,,,,,,,,,,
9/4/2018,,,0,,,,,,,,,,,,,
9/5/2018,,,0,,,,,,,,,,,,,
9/6/2018,,,0,,,,,,,,,,,,,
9/7/2018,,,0,,,,,,,,,,,,,
9/8/2018,,,0,,,,,,,,,,,,,
9/9/2018,,,0,,,,,,,,,,,,,
9/10/2018,,,0,,,,,,,,,,,,,
9/11/2018,,,0.22,,,,,,,,,,,,,
9/12/2018,,,0,,,,,,,,,,,,,
9/13/2018,,,0,,,,,,,,,,,,,
9/14/2018,,,0.18,,,,,,,,,,,,,
9/15/2018,,,0,,,,,,,,,,,,,
9/16/2018,,,0.09,,,,,,,,,,,,,
9/17/2018,,,0.02,,,,,,,,,,,,,
9/18/2018,,,0,,,,,,,,,,,,,
9/19/2018,,,0,,,,,,,,,,,,,
9/20/2018,,,0,,,,,,,,,,,,,
9/21/2018,,,0,,,,,,,,,,,,,
9/22/2018,,,0,,,,,,,,,,,,,
9/23/2018,,,0,,,,,,,,,,,,,
9/24/2018,,,0,,,,,,,,,,,,,
9/25/2018,,,0.05,,,,,,,,,,,,,
9/26/2018,,,0,,,,,,,,,,,,,
9/27/2018,,,0.71,,,,,,,,,,,,,
9/28/2018,,,0.49,,,,,,,,,,,,,
9/29/2018,,,0.02,,,,,,,,,,,,,
9/30/2018,,,0,,,,,,,,,,,,,
10/1/2018,,,0,,,,,,,,,,,,,
10/2/2018,,,0,,,,,,,,,,,,,
10/3/2018,,,0,,,,,,,,,,,,,
10/4/2018,,,0,,,,,,,,,,,,,
10/5/2018,,,0,,,,,,,,,,,,,
10/6/2018,,,0,,,,,,,,,,,,,
10/7/2018,,,0,,,,,,,,,,,,,
10/8/2018,,,0,,,,,,,,,,,,,
10/9/2018,,,0,,,,,,,,,,,,,
10/10/2018,,,0.14,,,,,,,,,,,,,
10/11/2018,,,5.42,,,,,,,,,,,,,
10/12/2018,,,0,,,,,,,,,,,,,
10/13/2018,,,0,,,,,,,,,,,,,
10/14/2018,,,0,,,,,,,,,,,,,
10/15/2018,,,0,,,,,,,,,,,,,
10/16/2018,,,0,,,,,,,,,,,,,
10/17/2018,,,0,,,,,,,,,,,,,
10/18/2018,,,0,,,,,,,,,,,,,
10/19/2018,,,0,,,,,,,,,,,,,
10/20/2018,,,0,,,,,,,,,,,,,
10/21/2018,,,0.14,,,,,,,,,,,,,
10/22/2018,,,0,,,,,,,,,,,,,
10/23/2018,,,0,,,,,,,,,,,,,
10/24/2018,,,0,,,,,,,,,,,,,
10/25/2018,,,0,,,,,,,,,,,,,
10/26/2018,,,0.62,,,,,,,,,,,,,
10/27/2018,,,0.3,,,,,,,,,,,,,
10/28/2018,,,0,,,,,,,,,,,,,
10/29/2018,,,0,,,,,,,,,,,,,
10/30/2018,,,0,,,,,,,,,,,,,
10/31/2018,,,0,,,,,,,,,,,,,
11/1/2018,,,0,,,,,,,,,,,,,
11/2/2018,,,0.45,,,,,,,,,,,,,
11/3/2018,,,0.01,,,,,,,,,,,,,
11/4/2018,,,0,,,,,,,,,,,,,
11/5/2018,,,0.17,,,,,,,,,,,,,
11/6/2018,,,0.11,,,,,,,,,,,,,
11/7/2018,,,0.08,,,,,,,,,,,,,
11/8/2018,,,0.57,,,,,,,,,,,,,
11/9/2018,,,0.47,,,,,,,,,,,,,
11/10/2018,,,0.39,,,,,,,,,,,,,
11/11/2018,,,0,,,,,,,,,,,,,
11/12/2018,,,0.28,,,,,,,,,,,,,
11/13/2018,,,2.84,,,,,,,,,,,,,
11/14/2018,,,0.25,,,,,,,,,,,,,
11/15/2018,,,1.56,,,,,,,,,,,,,
11/16/2018,,,0.03,,,,,,,,,,,,,
11/17/2018,,,0,,,,,,,,,,,,,
11/18/2018,,,0,,,,,,,,,,,,,
11/19/2018,,,0,,,,,,,,,,,,,
11/20/2018,,,0.01,,,,,,,,,,,,,
11/21/2018,,,0,,,,,,,,,,,,,
11/22/2018,,,0,,,,,,,,,,,,,
11/23/2018,,,0,,,,,,,,,,,,,
11/24/2018,,,0.46,,,,,,,,,,,,,
11/25/2018,,,0.01,,,,,,,,,,,,,
11/26/2018,,,0.1,,,,,,,,,,,,,
11/27/2018,,,0,,,,,,,,,,,,,
11/28/2018,,,0,,,,,,,,,,,,,
11/29/2018,,,0,,,,,,,,,,,,,
11/30/2018,,,0.05,,,,,,,,,,,,,
12/1/2018,,,0.33,,,,,,,,,,,,,
12/2/2018,,,1.59,,,,,,,,,,,,,
12/3/2018,,,0,,,,,,,,,,,,,
12/4/2018,,,0,,,,,,,,,,,,,
12/5/2018,,,0,,,,,,,,,,,,,
12/6/2018,,,0,,,,,,,,,,,,,
12/7/2018,,,0,,,,,,,,,,,,,
12/8/2018,,,0.23,,,,,,,,,,,,,
12/9/2018,,,2.58,,,,,,,,,,,,,
12/10/2018,,,0.05,,,,,,,,,,,,,
12/11/2018,,,0.11,,,,,,,,,,,,,
12/12/2018,,,0,,,,,,,,,,,,,
12/13/2018,,,0,,,,,,,,,,,,,
12/14/2018,,,0.18,,,,,,,,,,,,,
12/15/2018,,,0.35,,,,,,,,,,,,,
12/16/2018,,,0.02,,,,,,,,,,,,,
12/17/2018,,,0,,,,,,,,,,,,,
12/18/2018,,,0,,,,,,,,,,,,,
12/19/2018,,,0,,,,,,,,,,,,,
12/20/2018,,,0.12,,,,,,,,,,,,,
12/21/2018,,,1.09,,,,,,,,,,,,,
12/22/2018,,,0.03,,,,,,,,,,,,,
12/23/2018,,,0,,,,,,,,,,,,,
12/24/2018,,,0,,,,,,,,,,,,,
12/25/2018,,,0,,,,,,,,,,,,,
12/26/2018,,,0,,,,,,,,,,,,,
12/27/2018,,,0,,,,,,,,,,,,,
12/28/2018,,,3.58,,,,,,,,,,,,,
12/29/2018,,,0.74,,,,,,,,,,,,,
12/30/2018,,,0.33,,,,,,,,,,,,,
12/31/2018,,,0.05,,,,,,,,,,,,,
1/1/2019,,,0.42,,,,,,,,,,,,,
1/2/2019,,,0.05,,,,,,,,,,,,,
1/3/2019,,,0.65,,,,,,,,,,,,,
1/4/2019,,,1.14,,,,,,,,,,,,,
1/5/2019,,,0.01,,,,,,,,,,,,,
1/6/2019,,,0,,,,,,,,,,,,,
1/7/2019,,,0,,,,,,,,,,,,,
1/8/2019,,,0,,,,,,,,,,,,,
1/9/2019,,,0,,,,,,,,,,,,,
1/10/2019,,,0,,,,,,,,,,,,,
1/11/2019,,,0,,,,,,,,,,,,,
1/12/2019,,,0,,,,,,,,,,,,,
1/13/2019,,,0.53,,,,,,,,,,,,,
1/14/2019,,,0,,,,,,,,,,,,,
1/15/2019,,,0,,,,,,,,,,,,,
1/16/2019,,,0,,,,,,,,,,,,,
1/17/2019,,,0,,,,,,,,,,,,,
1/18/2019,,,0.17,,,,,,,,,,,,,
1/19/2019,,,0,,,,,,,,,,,,,
1/20/2019,,,1.02,,,,,,,,,,,,,
1/21/2019,,,0,,,,,,,,,,,,,
1/22/2019,,,0,,,,,,,,,,,,,
1/23/2019,,,0,,,,,,,,,,,,,
1/24/2019,,,1.94,,,,,,,,,,,,,
1/25/2019,,,0,,,,,,,,,,,,,
1/26/2019,,,0,,,,,,,,,,,,,
1/27/2019,,,0,,,,,,,,,,,,,
7/30/2018,,,0,0,,,,,,,,,,,,
7/31/2018,,,0.01,,,,,,,,,,,,,
8/1/2018,,,1.37,,,,,,,,,,,,,
8/2/2018,,,1.44,,,,,,,,,,,,,
8/3/2018,,,1.22,,,,,,,,,,,,,
8/4/2018,,,0,0,,,,,,,,,,,,
8/5/2018,,,0,,,,,,,,,,,,,
8/6/2018,,,0.01,,,,,,,,,,,,,
8/7/2018,,,0,0,,,,,,,,,,,,
8/8/2018,,,0,0,,,,,,,,,,,,
8/9/2018,,,0.09,,,,,,,,,,,,,
8/10/2018,,,0.5,,,,,,,,,,,,,
8/11/2018,,,0,0,,,,,,,,,,,,
8/12/2018,,,0,0,,,,,,,,,,,,
8/13/2018,,,0,0,,,,,,,,,,,,
8/14/2018,,,0,0,,,,,,,,,,,,
8/15/2018,,,0,0,,,,,,,,,,,,
8/16/2018,,,0,0,,,,,,,,,,,,
8/17/2018,,,0.11,,,,,,,,,,,,,
8/18/2018,,,0.21,,,,,,,,,,,,,
8/19/2018,,,0.66,,,,,,,,,,,,,
8/20/2018,,,0.01,,,,,,,,,,,,,
8/21/2018,,,0.11,,,,,,,,,,,,,
8/22/2018,,,0.24,,,,,,,,,,,,,
8/23/2018,,,0,0,,,,,,,,,,,,
8/24/2018,,,0,0,,,,,,,,,,,,
8/25/2018,,,0,0,,,,,,,,,,,,
8/26/2018,,,0,0,,,,,,,,,,,,
8/27/2018,,,0,0,,,,,,,,,,,,
8/28/2018,,,0,0,,,,,,,,,,,,
8/29/2018,,,0,,,,,,,,,,,,,
8/30/2018,,,0,0,,,,,,,,,,,,
8/31/2018,,,0,0,,,,,,,,,,,,
9/1/2018,,,0,0,,,,,,,,,,,,
9/2/2018,,,0,0,,,,,,,,,,,,
9/3/2018,,,0,0,,,,,,,,,,,,
9/4/2018,,,0,0,,,,,,,,,,,,
9/5/2018,,,0,0,,,,,,,,,,,,
9/6/2018,,,0,0,,,,,,,,,,,,
9/7/2018,,,0,0,,,,,,,,,,,,
9/8/2018,,,0.18,,,,,,,,,,,,,
9/9/2018,,,0,0,,,,,,,,,,,,
9/10/2018,,,0.16,,,,,,,,,,,,,
9/11/2018,,,0,,,,,,,,,,,,,
9/12/2018,,,0.05,,,,,,,,,,,,,
9/13/2018,,,0.02,,,,,,,,,,,,,
9/14/2018,,,0,0,,,,,,,,,,,,
9/15/2018,,,0,0,,,,,,,,,,,,
9/20/2018,,,0,0,,,,,,,,,,,,
9/21/2018,,,0,0,,,,,,,,,,,,
9/22/2018,,,0,0,,,,,,,,,,,,
9/23/2018,,,0,0,,,,,,,,,,,,
9/24/2018,,,0,0,,,,,,,,,,,,
9/25/2018,,,0.09,,,,,,,,,,,,,
9/26/2018,,,0.02,,,,,,,,,,,,,
9/27/2018,,,0.4,,,,,,,,,,,,,
9/28/2018,,,0.75,,,,,,,,,,,,,
9/29/2018,,,0.01,,,,,,,,,,,,,
9/30/2018,,,0,,,,,,,,,,,,,
10/1/2018,,,0,,,,,,,,,,,,,
10/2/2018,,,0,0,,,,,,,,,,,,
10/3/2018,,,0,0,,,,,,,,,,,,
10/4/2018,,,0,0,,,,,,,,,,,,
10/5/2018,,,0,0,,,,,,,,,,,,
10/6/2018,,,0,0,,,,,,,,,,,,
10/7/2018,,,0,0,,,,,,,,,,,,
10/8/2018,,,0,0,,,,,,,,,,,,
10/9/2018,,,0,,,,,,,,,,,,,
10/10/2018,,,0.1,,,,,,,,,,,,,
10/11/2018,,,2.83,,,,,,,,,,,,,
10/12/2018,,,0,0,,,,,,,,,,,,
10/13/2018,,,0,0,,,,,,,,,,,,
10/14/2018,,,0,0,,,,,,,,,,,,
10/15/2018,,,0,0,,,,,,,,,,,,
10/16/2018,,,0,0,,,,,,,,,,,,
10/17/2018,,,0,0,,,,,,,,,,,,
10/18/2018,,,0,0,,,,,,,,,,,,
10/19/2018,,,0,0,,,,,,,,,,,,
10/20/2018,,,0,0,,,,,,,,,,,,
10/21/2018,,,0.01,,,,,,,,,,,,,
10/22/2018,,,0,0,,,,,,,,,,,,
10/23/2018,,,0,0,,,,,,,,,,,,
10/24/2018,,,0,0,,,,,,,,,,,,
10/25/2018,,,0,0,,,,,,,,,,,,
10/26/2018,,,0.66,,,,,,,,,,,,,
10/27/2018,,,0.35,,,,,,,,,,,,,
10/28/2018,,,0,0,,,,,,,,,,,,
10/29/2018,,,0,0,,,,,,,,,,,,
10/30/2018,,,0,0,,,,,,,,,,,,
10/31/2018,,,0,0,,,,,,,,,,,,
11/1/2018,,,0,0,,,,,,,,,,,,
11/2/2018,,,0.46,,,,,,,,,,,,,
11/3/2018,,,0.04,,,,,,,,,,,,,
11/4/2018,,,0,0,,,,,,,,,,,,
11/5/2018,,,0.17,,,,,,,,,,,,,
11/6/2018,,,0.09,,,,,,,,,,,,,
11/7/2018,,,0.24,,,,,,,,,,,,,
11/8/2018,,,0.51,,,,,,,,,,,,,
11/9/2018,,,0.81,,,,,,,,,,,,,
11/10/2018,,,0.2,,,,,,,,,,,,,
11/11/2018,,,0,0,,,,,,,,,,,,
11/12/2018,,,0.22,,,,,,,,,,,,,
11/13/2018,,,2.6,,,,,,,,,,,,,
11/14/2018,,,0.21,,,,,,,,,,,,,
11/15/2018,,,1.37,,,,,,,,,,,,,
11/16/2018,,,0.02,,,,,,,,,,,,,
11/17/2018,,,0,0,,,,,,,,,,,,
11/18/2018,,,0,0,,,,,,,,,,,,
11/19/2018,,,0,0,,,,,,,,,,,,
11/20/2018,,,0,0,,,,,,,,,,,,
11/21/2018,,,0,0,,,,,,,,,,,,
11/22/2018,,,0,0,,,,,,,,,,,,
11/23/2018,,,0,0,,,,,,,,,,,,
11/26/2018,,,0.09,,,,,,,,,,,,,
11/27/2018,,,0,0,,,,,,,,,,,,
11/28/2018,,,0,0,,,,,,,,,,,,
11/29/2018,,,0,0,,,,,,,,,,,,
11/30/2018,,,0.03,,,,,,,,,,,,,
12/1/2018,,,0.06,0,,,,,,,,,,,,
12/2/2018,,,1.98,0,,,,,,,,,,,,
12/3/2018,,,0,0,,,,,,,,,,,,
12/4/2018,,,0,0,,,,,,,,,,,,
12/5/2018,,,0,0,,,,,,,,,,,,
12/6/2018,,,0,0,,,,,,,,,,,,
12/7/2018,,,0,0,,,,,,,,,,,,
12/8/2018,,,0.2,0,,,,,,,,,,,,
12/9/2018,,,2.53,0,,,,,,,,,,,,
12/10/2018,,,0.13,0,,,,,,,,,,,,
12/11/2018,,,0.21,0,,,,,,,,,,,,
12/12/2018,,,0,0,,,,,,,,,,,,
12/13/2018,,,0,0,,,,,,,,,,,,
12/14/2018,,,0.11,0,,,,,,,,,,,,
12/15/2018,,,0.99,0,,,,,,,,,,,,
12/16/2018,,,0.02,0,,,,,,,,,,,,
12/17/2018,,,0,0,,,,,,,,,,,,
12/18/2018,,,0,0,,,,,,,,,,,,
12/19/2018,,,0,0,,,,,,,,,,,,
12/20/2018,,,0.23,0,,,,,,,,,,,,
12/21/2018,,,1.37,0,,,,,,,,,,,,
12/22/2018,,,0.17,0,,,,,,,,,,,,
12/23/2018,,,0,0,,,,,,,,,,,,
12/24/2018,,,0.02,0,,,,,,,,,,,,
12/25/2018,,,0,0,,,,,,,,,,,,
12/26/2018,,,0,0,,,,,,,,,,,,
12/27/2018,,,0,0,,,,,,,,,,,,
12/28/2018,,,2.38,0,,,,,,,,,,,,
12/29/2018,,,1.58,0,,,,,,,,,,,,
12/30/2018,,,0.28,0,,,,,,,,,,,,
12/31/2018,,,0.1,0,,,,,,,,,,,,
1/1/2019,,,0.23,0,,,,,,,,,,,,
1/2/2019,,,0.06,0,,,,,,,,,,,,
1/3/2019,,,0.67,0,,,,,,,,,,,,
1/4/2019,,,0.87,0,,,,,,,,,,,,
1/5/2019,,,0.46,0,,,,,,,,,,,,
1/6/2019,,,0,0,,,,,,,,,,,,
1/7/2019,,,0,0,,,,,,,,,,,,
1/8/2019,,,0,0,,,,,,,,,,,,
1/9/2019,,,0.02,0,,,,,,,,,,,,
1/10/2019,,,0,0,,,,,,,,,,,,
1/11/2019,,,0,0,,,,,,,,,,,,
1/12/2019,,,0,0,,,,,,,,,,,,
1/13/2019,,,0.62,0,,,,,,,,,,,,
1/14/2019,,,0.01,0,,,,,,,,,,,,
1/15/2019,,,0,0,,,,,,,,,,,,
1/16/2019,,,0,0,,,,,,,,,,,,
1/17/2019,,,0,0,,,,,,,,,,,,
1/18/2019,,,0.2,0,,,,,,,,,,,,
1/19/2019,,,0.01,0,,,,,,,,,,,,
1/20/2019,,,1.21,0,,,,,,,,,,,,
1/21/2019,,,0,0,,,,,,,,,,,,
1/22/2019,,,0,0,,,,,,,,,,,,
1/23/2019,,,0,0,,,,,,,,,,,,
1/24/2019,,,1.76,0,,,,,,,,,,,,
1/25/2019,,,0,0,,,,,,,,,,,,
1/26/2019,,,0,0,,,,,,,,,,,,
1/27/2019,,,0,0,,,,,,,,,,,,
7/30/2018,6.26,,0,0,0,79,88,72,170,150,15,18.1,1,,1,1
7/31/2018,6.04,,1.08,0,0,76,87,70,240,230,25.1,35.1,1,,1,1
8/1/2018,5.82,,1.22,0,0,73,76,70,200,210,15,21,1,,,
8/2/2018,7.16,,3.61,0,0,72,77,71,90,90,23.9,29.1,1,,,
8/3/2018,4.47,,0.1,0,0,76,87,71,310,320,13,15,1,,,
8/4/2018,3.8,,0,0,0,80,89,73,190,190,12.1,14.1,,,,
8/5/2018,1.79,,0.01,0,0,82,92,75,170,170,16.1,23,,,1,
8/6/2018,5.14,,0,0,0,84,93,76,280,330,12.1,16.1,,,,
8/7/2018,4.92,,0,0,0,83,92,75,200,190,30,38.9,,,1,1
8/8/2018,7.38,,0.41,0,0,80,91,72,340,350,35.1,49,1,,1,1
8/9/2018,6.71,,0.78,0,0,77,90,71,310,310,31.1,38.9,1,,1,
8/10/2018,7.16,,0,0,0,77,89,71,300,230,14.1,17,1,,,
8/11/2018,8.72,,0,0,0,79,88,73,290,290,16.1,21,,,,
8/12/2018,6.93,,0,0,0,80,91,72,360,310,15,19.9,,,,
8/13/2018,6.04,,0,0,0,81,89,72,270,270,12.1,16.1,,,,
8/14/2018,5.14,,0,0,0,80,90,68,280,260,13,16.1,,,,
8/15/2018,3.8,,0,0,0,81,93,71,310,330,12.1,14.1,,,,
8/16/2018,5.82,,0,0,0,82,91,73,190,200,13,17,,,1,
8/17/2018,8.05,,0.06,0,0,79,87,73,230,210,17,21,,,1,1
8/18/2018,8.95,,1.39,0,0,78,88,73,300,260,23,33.1,1,,1,1
8/19/2018,6.93,,0,0,0,76,84,73,270,260,13,16.1,,,,
8/20/2018,7.61,,0,0,0,77,85,73,200,210,16.1,21,,,,
8/21/2018,9.4,,0.01,0,0,78,88,73,220,220,17,23.9,1,,,1
8/22/2018,10.07,,0,0,0,78,86,70,330,350,21,25.1,,,,
8/23/2018,6.49,,0,0,0,76,86,67,90,80,12.1,15,,,,1
8/24/2018,10.29,,0,0,0,74,82,64,70,100,17,25.1,,,,1
8/25/2018,7.38,,0,0,0,75,87,66,50,40,12.1,16.1,,,,
8/26/2018,5.37,,0,0,0,79,89,70,70,70,12.1,16.1,,,,
8/27/2018,4.7,,0,0,0,81,91,72,180,140,12.1,17,,,,1
8/28/2018,3.8,,0,0,0,82,90,74,180,180,17,21,,,,1
8/29/2018,6.04,,0,0,0,81,90,72,200,210,23,29.1,1,,1,1
8/30/2018,5.37,,0,0,0,78,88,70,180,200,13,21,,,,
8/31/2018,4.7,,0,0,0,79,89,72,180,160,13,19,,,,
9/1/2018,5.59,,0,0,0,81,90,73,90,160,13,18.1,,,,
9/2/2018,7.61,,0,0,0,81,91,73,60,60,18.1,23.9,,,,1
9/3/2018,9.84,,0,0,0,80,90,73,80,60,18.1,23,,,1,
9/4/2018,10.07,,0,0,0,80,89,73,90,90,16.1,19.9,,,,1
9/5/2018,6.26,,0,0,0,80,88,74,80,20,13,18.1,1,,,1
9/6/2018,4.47,,0,0,0,81,88,75,70,100,14.1,19.9,1,,,1
9/7/2018,4.03,,0,0,0,81,93,73,40,40,15,18.1,,,1,1
9/8/2018,4.47,,0,0,0,81,91,72,180,180,13,17,,,,1
9/9/2018,4.92,,0.74,0,0,79,88,72,260,260,21,28,,,1,
9/10/2018,5.82,,0.03,0,0,80,88,72,320,320,15,17,,,,1
9/11/2018,4.92,,0.19,0,0,79,88,73,80,90,17,21,1,,1,
9/12/2018,5.59,,0.08,0,0,79,90,73,10,10,25.1,28,1,,1,1
9/13/2018,6.49,,0.05,0,0,81,89,75,330,30,14.1,18.1,1,,,
9/14/2018,7.83,,0,0,0,83,95,74,330,340,15,21,,,,
9/15/2018,9.17,,0,0,0,83,95,73,60,50,23.9,29.1,,,,
9/16/2018,10.51,,0,0,0,78,85,72,350,360,21.9,25.9,,,,
9/17/2018,6.49,,0,0,0,79,92,69,290,270,14.1,18.1,,,,
9/18/2018,7.16,,0,0,0,81,93,71,300,320,15,19,,,,1
9/19/2018,4.25,,0,0,0,83,94,74,130,160,12.1,14.1,,,,1
9/20/2018,5.14,,0,0,0,84,94,74,100,150,13,17,,,,1
9/21/2018,5.14,,0,0,0,80,90,71,160,160,13,16.1,,,,1
9/22/2018,4.47,,0,0,0,80,91,71,160,160,13,15,,,,
9/23/2018,5.59,,0,0,0,79,90,69,100,150,12.1,17,,,,1
9/24/2018,10.07,,0,0,0,78,86,72,100,90,17,23,,,,1
9/25/2018,7.16,,0,0,0,79,88,74,120,180,15,21,1,,,
9/26/2018,5.14,,0.28,0,0,77,89,72,290,290,28,36,1,,1,1
9/27/2018,7.38,,0.11,0,0,74,85,71,210,210,17,21.9,1,,1,
9/28/2018,3.8,,0,0,0,75,83,71,270,270,12.1,15,,,,
9/29/2018,4.92,,0,0,0,77,88,70,360,360,12.1,15,1,,,
9/30/2018,6.93,,0,0,0,76,85,72,80,80,13,17,1,,,
10/1/2018,7.61,,0,0,0,77,86,70,80,80,15,21.9,,,,1
10/2/2018,3.8,,0,0,0,76,87,66,70,50,10.1,14.1,,,,1
10/3/2018,2.01,,0,0,0,78,90,68,140,140,10.1,13,,,,1
10/4/2018,4.25,,0,0,0,79,91,69,330,330,12.1,16.1,,,,1
10/5/2018,4.47,,0,0,0,80,92,70,310,310,10.1,13,,,,1
10/6/2018,3.13,,0,0,0,81,93,71,190,160,12.1,18.1,,,,
10/7/2018,6.71,,0,0,0,80,89,71,90,70,14.1,19,,,,
10/8/2018,10.96,,0,0,0,78,87,72,80,110,23,25.9,1,,,1
10/9/2018,13.2,,0.11,0,0,75,82,71,90,80,21.9,28,1,,,
10/10/2018,13.87,,3.42,0,0,75,82,72,30,30,31.1,40,1,,,
10/11/2018,16.78,,0.33,0,0,75,80,59,330,330,29.1,36.9,1,,,
10/12/2018,11.18,,0,0,0,62,73,51,330,320,21,28,,,,
10/13/2018,8.05,,0,0,0,62,73,55,340,340,18.1,21.9,,,,
10/14/2018,7.61,,0,0,0,67,81,59,150,140,13,16.1,,,,
10/15/2018,4.25,,0,0,0,71,84,63,260,260,14.1,17,1,,,
10/16/2018,6.49,,0,0,0,74,84,67,360,10,15,23,1,,,
10/17/2018,9.4,,0,0,0,68,75,59,340,320,15,19,,,,1
10/18/2018,8.05,,0,0,0,63,74,55,90,20,16.1,23,,,,1
10/19/2018,6.71,,0,0,0,60,66,53,80,30,14.1,17,,,,
10/20/2018,10.74,,0.18,0,0,64,68,56,310,320,21.9,28,1,,,
10/21/2018,10.51,,0,0,0,55,64,43,340,340,23,31.1,,,,
10/22/2018,5.14,,0,0,0,54,67,44,110,140,13,16.1,,,,
10/23/2018,5.37,,0,0,0,60,69,52,310,340,12.1,15,,,,1
10/24/2018,5.82,,0,0,0,59,73,47,80,80,14.1,19.9,,,,1
10/25/2018,12.08,,0.25,0,0,56,58,49,70,70,21.9,25.9,1,,,
10/26/2018,9.17,,0.46,0,0,50,53,48,90,80,21,23.9,1,,,
10/27/2018,10.74,,0,0,0,54,61,48,290,300,21,25.9,1,,,
10/28/2018,8.28,,0,0,0,57,73,46,220,250,17,23.9,,,,
10/29/2018,8.28,,0,0,0,62,70,51,330,320,16.1,23.9,,,,
10/30/2018,5.37,,0,0,0,58,73,49,70,80,14.1,16.1,,,,
10/31/2018,6.26,,0,0,0,62,77,52,180,200,12.1,16.1,,,,
11/1/2018,9.4,,0.48,0,0,65,71,61,180,190,21,28,1,,,1
11/2/2018,9.84,,0.04,0,0,60,63,42,300,300,21.9,29.1,1,,,
11/3/2018,4.03,,0,0,0,50,66,41,300,300,8.9,12.1,,,,
11/4/2018,9.62,,0,0,0,54,66,43,110,110,19.9,25.9,,,,
11/5/2018,6.93,,0.12,0,0,60,65,56,150,130,13,18.1,1,1,,1
11/6/2018,7.83,,0.35,0,0,67,72,55,310,330,21.9,29.1,1,,,
11/7/2018,5.14,,0.69,0,0,61,74,52,60,340,17,21.9,1,,1,
11/8/2018,8.72,,0.15,0,0,60,63,56,70,50,17,23,1,,,
11/9/2018,10.74,,0.77,0,0,57,60,44,330,330,28,36,1,,,
11/10/2018,12.75,,0,0,0,44,50,35,330,330,23,32,,,,
11/11/2018,10.51,,0,0,0,44,57,37,90,90,18.1,21.9,,,,
11/12/2018,12.97,,2.33,0,0,45,49,42,80,80,21,25.9,1,,,
11/13/2018,8.95,,0.23,0,0,47,51,44,320,330,17,23,1,,,
11/14/2018,11.41,,1.02,0,0,46,51,43,70,70,23,27.1,1,1,,
11/15/2018,10.51,,0.5,0,0,43,45,34,90,80,25.9,33.1,1,,,
11/16/2018,9.62,,0,0,0,40,57,32,320,320,21.9,32,,,,
11/17/2018,4.92,,0,0,0,49,66,37,310,330,10.1,18.1,,,,
11/18/2018,2.46,,0,0,0,53,66,42,80,80,8.9,10.1,,,,
11/19/2018,3.58,,0,0,0,55,69,44,230,220,10.1,13,1,,,1
11/20/2018,11.41,,0.03,0,0,55,57,40,320,310,19.9,23.9,1,,,
11/21/2018,7.61,,0,0,0,45,57,34,320,350,14.1,17,,,,
11/22/2018,6.04,,0,0,0,47,61,36,80,80,12.1,17,,,,
11/23/2018,14.99,,0,0,0,44,49,39,80,90,23.9,29.1,1,,,
11/24/2018,6.71,,0.38,0,0,42,50,38,90,90,21.9,29.1,1,,,1
11/25/2018,4.92,,0.16,0,0,49,56,44,120,130,15,19.9,1,1,,1
11/26/2018,14.99,,0,0,0,48,55,35,310,290,25.9,34,1,1,,
11/27/2018,15.88,,0,0,0,37,44,31,320,280,25.9,34,,,,
11/28/2018,10.51,,0,0,0,34,46,27,310,320,19.9,23.9,,,,
11/29/2018,5.82,,0,0,0,43,63,31,200,190,14.1,19,,,,
11/30/2018,6.71,,0.02,0,0,59,71,51,210,240,14.1,21,,,,
12/1/2018,7.38,,1.61,0,0,57,63,51,120,140,16.1,23,1,,1,
12/2/2018,8.05,,0.03,0,0,66,74,54,230,230,15,21,1,,,
12/3/2018,8.72,,0,0,0,57,67,45,270,330,15,33.1,,,,
12/4/2018,12.08,,0,0,0,45,49,36,300,320,19.9,25.1,,,,
12/5/2018,10.96,,0,0,0,37,43,30,340,340,21,27.1,,,,
12/6/2018,5.37,,0,0,0,36,52,28,310,350,13,16.1,,,,
12/7/2018,3.8,,0.02,0,0,42,46,38,310,350,8.9,17,,,,
12/8/2018,14.99,,1.7,0,0,43,46,39,80,80,30,40,1,,,
12/9/2018,14.54,,0.88,0,0,38,39,36,90,70,30,38,1,,,
12/10/2018,7.83,,0.1,0,0,40,43,39,330,330,14.1,19.9,1,,,
12/11/2018,8.28,,0,0,0,42,53,33,320,310,15,18.1,1,,,1
12/12/2018,4.92,,0,0,0,40,54,31,280,280,12.1,15,,,,
12/13/2018,8.28,,0,0,0,44,53,39,80,80,19.9,21.9,,,,
12/14/2018,13.42,,1.07,0,0,48,53,46,80,70,23,25.9,1,,,
12/15/2018,7.16,,0.04,,0,51,53,48,210,220,15,21.9,1,1,,
12/16/2018,10.51,,0,,0,49,54,46,330,330,21,28,1,,,
12/17/2018,11.18,,0,0,0,52,62,45,310,310,21.9,25.1,,,,
12/18/2018,6.93,,0,0,0,50,65,42,40,340,16.1,21,,,,
12/19/2018,7.83,,0,0,0,50,58,43,90,70,15,19,,,,
12/20/2018,8.05,,1.04,0,0,50,52,47,70,70,21,23.9,1,1,,
12/21/2018,16.11,,0.48,0,0,48,52,40,280,290,25.9,38,1,,,
12/22/2018,6.93,,0,0,0,43,53,36,300,310,17,23,,,,
12/23/2018,8.05,,0.01,0,0,46,62,35,290,300,21.9,28,,,,
12/24/2018,8.5,,0,0,0,46,53,35,320,320,18.1,23,,,,
12/25/2018,2.68,,0,0,0,44,59,34,130,130,10.1,13,,,,
12/26/2018,8.28,,0,0,0,50,59,41,90,100,16.1,21,,,,
12/27/2018,14.32,,0.83,0,0,50,54,47,90,80,23,30,1,,1,
12/28/2018,5.82,,3.47,0,0,56,63,51,350,340,19.9,23.9,1,,1,
12/29/2018,7.38,,0,0,0,55,62,49,330,330,12.1,14.1,1,,,
12/30/2018,6.04,,0.37,0,0,53,55,51,90,30,10.1,17,1,1,1,
12/31/2018,9.84,,0.18,0,0,60,71,55,180,190,23,29.1,1,1,,1
1/1/2019,4.7,,0.14,0,0,64,66,57,310,310,15,19,1,,,
1/2/2019,4.92,,0.57,0,0,56,59,49,70,50,12.1,15,1,,,1
1/3/2019,5.37,,0.15,0,0,52,55,51,340,330,15,18.1,1,,,
1/4/2019,12.08,,1.44,0,0,56,66,45,260,260,28,34,1,,,
1/5/2019,13.42,,0,0,0,49,59,44,280,330,23.9,33.1,,,,
1/6/2019,6.49,,0,0,0,53,69,43,320,320,13,15,,,,
1/7/2019,5.14,,0,0,0,55,69,45,160,160,15,19,,,,
1/8/2019,8.05,,0,0,0,57,65,50,290,260,16.1,21.9,,,,1
1/9/2019,17.45,,0,0,0,50,56,39,320,320,28,34,,,,
1/10/2019,13.2,,0,0,0,38,45,30,330,320,23.9,33.1,,,,
1/11/2019,6.93,,0,0,0,40,54,30,120,110,12.1,15,,,,
1/12/2019,12.97,,0.35,0,0,43,44,37,80,90,19.9,25.1,1,,,
1/13/2019,8.05,,0.27,,0,39,48,35,70,80,17,19.9,1,1,,
1/14/2019,11.63,,0,0,0,45,47,39,330,330,17,23,,,,
1/15/2019,10.74,,0,0,0,40,46,32,320,310,17,25.1,,,,
1/16/2019,7.61,,0,0,0,38,53,30,320,330,13,16.1,1,,,1
1/17/2019,4.03,,0.1,0,0,42,50,35,180,180,8.9,13,1,,1,1
1/18/2019,2.91,,0,0,0,50,58,47,220,220,8.1,10.1,1,,,
1/19/2019,9.62,,1.22,0,0,55,63,51,180,160,19.9,27.1,1,1,,
1/20/2019,20.36,,0,0,0,42,53,29,310,310,30,42.9,1,,,
1/21/2019,8.5,,0,0,0,31,44,22,340,320,21.9,28,,,,
1/22/2019,12.3,,0,0,0,37,45,30,80,90,19.9,23.9,,,,
1/23/2019,12.08,,1.71,0,0,50,67,42,290,160,25.1,36,1,,,
1/24/2019,13.42,,0.11,0,0,48,54,34,310,310,33.1,40,1,,,
1/25/2019,10.07,,0,0,0,38,48,32,320,350,18.1,27.1,,,,
1/26/2019,5.82,,0,0,0,38,52,28,330,340,17,21.9,,,,
1/27/2019,2.01,,0,0,0,42,51,33,320,300,8.9,11,,,,
